M1,M2,M3,M4,M5,M6,M7,M8,M9,M10
0.3182912026531147,0.9010109474560359,0.817649985227754,0.6894971334297262,0.2595012647672947,0.1609421366160508,0.6873104030596751,0.11049301383787788,1.0756307579147417,1.6319340481009832
1.3895602585800617,0.41187038428610623,1.5773828095804103,0.60782756028174,1.2355586694888638,-0.72539425762824,0.8279046688049335,-2.247275973850153,-1.5565658879830981,0.3383228565058306
-0.3435357188256987,0.9985792542980961,0.2872379255082591,-0.4004302623440479,-1.4562250821150378,0.8992310718111097,1.9910271867812894,-0.25581399636009583,1.8338596313887714,0.1972953234502286
-0.12008524506874427,-1.0303415246854741,0.29981340807727735,-1.8131265096798834,0.27107454315139834,-0.9752363117526348,0.08891934778808774,-0.053819898750309236,-0.6508298289906985,-1.416350916207093
-0.386445762226417,0.8831359341621445,-0.21795889661192325,-0.48612119479746335,-0.8557013724235774,0.9245753565951862,1.1377764186798847,-0.5771151029901492,0.8422669071910022,0.9845989760464807
-0.6893452522173416,-1.2084754618721625,-0.8570215202056858,-0.41749042871677716,0.4313383609258266,0.2691857888276577,0.019007814766609704,-0.07329411072429534,-0.12523677343565154,-0.036488559047487046
0.9049185186938843,0.6327193703215478,0.05143846558426124,0.34060896363019544,0.38209008530140004,-0.9856561689666805,-0.672090123685236,-0.3834535128500239,-1.9075422427491038,-0.38990175194954624
1.2293249313154138,0.510457405885475,1.7817042518158228,2.1146965914498854,0.05810065004997911,0.8074872340229485,0.2681325573910251,1.6416437444260303,0.4187723645402438,1.0898069910245147
0.6407851342526418,0.20307822331427897,0.9947290908147772,-0.3816172409190355,0.502684876499182,-0.7221222702285907,0.0027308750459625886,-0.9063566130732197,-0.2149953700545853,-0.8998380429993611
0.22213224254945177,0.727776104697421,-0.33962568199118787,-0.2469849370601162,-0.4988300986083436,0.783759767397799,-0.03797326621489361,0.020435526455606978,1.0233306976325869,-0.3387247942956807
1.4656601683453478,2.0970526906037636,1.0544076900365258,0.3797538197254696,1.9321702085709287,-0.7685457897914107,-0.6447829094759604,-0.5394100953722686,-0.6500469651141293,-0.20635811167437967
-0.7905344497229193,0.29683058247923755,-0.7676991604938389,-0.9559914093216697,-0.5529954708910529,0.07416617660602177,-1.7415661458473992,0.31487878447067535,-1.6179780122353822,-0.3571316623913448
-0.36945533782374834,-0.5477439886027902,-1.0643223371879673,0.47795752044889683,-0.36693751128700175,0.4257145945849076,1.586149440423024,0.15949704591601177,-0.8948467059238296,0.3877376716559127
-0.6711487951306716,-0.3382196082527338,-0.3429356974541559,0.5857216708382076,-0.04717369452801756,-0.4073066723184845,-0.4322955142380041,0.5326255743456862,1.2946505699183457,-1.2855890485335604
-0.18411293211716429,-0.6873943685169736,-0.42560016490689523,-0.6293450798949449,-0.8465550736316461,-0.9875177798486946,-0.29567539822044037,-1.2491832924753292,-1.4721420240898009,-0.8335288358154991
0.39372499931439753,-0.43250105953506923,-0.40463974327126606,-0.24072316244536107,-0.6450323567722199,-0.16037663594526336,1.003577163445396,-0.012930409663104728,0.9802188860006715,0.43907158548132763
-0.9584591056952636,-1.4895439615701977,-1.727233301159802,-1.49727651664168,-0.3793000161601965,-0.03745308498329951,0.20385875021378144,0.3139878629708361,-0.7341889699416112,0.43612433486609065
-0.4103407314516127,-0.5997283574229257,-1.4040175893184883,0.6456358474917749,-1.072560477637124,0.3571419244288725,1.3297484377446183,-0.07200835240399298,0.09348776368345416,-0.3669579390838663
0.41384738581223823,0.46794724499401513,0.02444185932635823,1.0902504440759566,-0.4958712082986493,-1.2122100237467663,-1.7315755558571224,-0.1498122101159085,-0.3128193720422704,-1.675740573292173
0.07477678913551145,-1.3129653608020007,-0.00842621169699255,-0.023342391539948416,0.6499070833064116,-0.06516161814069105,1.7794934273315444,0.07084363922450582,-0.6656488686962184,-0.03037568470983082
-0.18819185705108066,-0.1648374648736065,-0.7568241088577317,-1.1287485488929343,0.24323647624892938,-1.0051063888453775,0.17281307459831763,-0.05384831074451468,0.5566595948973295,-0.22697113866487956
0.010246684016898003,1.0898311710961477,0.4718935836363315,-0.9259710403343725,-0.8882407150901809,-0.17293311283992888,0.046573607026256014,0.03509982821128374,-0.05485795355843962,0.1954999257873111
-2.3780539627508004,-0.8634330136272744,-1.711447367613712,-1.5427839731532427,-2.106789347745239,-1.3432844521102028,0.20983163964613893,-0.5870921840719074,-0.5229185711309108,-1.2623426794011046
-0.028678287674799376,-0.43797982137617214,0.3919037143394376,0.37223094139467844,-0.6654682239129908,-0.7731951168428768,-1.3906624520976962,-0.9831529546316203,-0.7059405455561072,-0.2762498442195121
3.023781452622391,1.1190802262943291,1.9860225851423003,0.6411244920292585,3.3851927301553015,0.19593206444396905,-0.09197247733335132,-0.35198915412194975,0.6279399212846887,1.2690471566042123
-0.9332255506893351,-0.32487336319318616,-1.2153723111500792,-0.882719058431314,-0.0062370230816338745,1.124795965171238,1.8286526580407543,1.6615781462203647,1.9308959872077307,0.8870138427709511
-1.7712048383918628,-2.8948181855883193,-1.158347140201748,-0.0841489597263898,-1.540386721601084,1.0264256805472187,-0.7516662069008616,1.1501228184836834,0.5674080173686615,-0.5739082902724627
0.5773327417846801,1.1969415355721165,-0.4975970463631358,0.24880027607934385,0.8156182327345793,-0.5520262681594221,0.06709396084696861,-1.1362032973795841,0.9556508448458209,-0.20439818636910284
-0.24987225908555988,-0.32744253573064913,0.2103255773126737,0.8889037996213538,-1.1434212396202441,-0.9925328074971896,-0.24072745649584182,-0.5077020215600778,-1.1099189009332702,0.9081264965742952
-0.5603272328297677,0.9155809540762712,-1.0614874614987642,0.07128258469514342,-0.8725944976262949,0.46114639135983565,1.7962272152307555,-1.504168470065826,0.8804078726389402,-0.6785871631537295
0.5191029979568217,-0.8699279428110328,1.019121285469645,-0.41095841801969657,0.4382594494204987,-0.33312476588364065,-1.419473070501424,-0.6526878613801702,0.15516361775270734,-0.1939423104888162
-1.0272305966876594,-0.0633738622555089,-0.960767166482931,-0.9280705271374964,-0.3961040648601763,-0.08795905098117711,1.1660403188423287,0.6731444228515246,-0.8692254538811262,-0.22917342110861788
1.9546925154112462,1.2965070943334032,2.127085466753396,1.2763786914145907,1.2986850238316088,0.4695363670158261,-0.11996231735389462,0.21009622475860834,0.4676799470478389,0.3780633792468558
-2.1864064400171506,-1.7669018756858987,-2.332197823364607,-2.2107138271018947,-1.3533674344042763,0.7709815891931486,0.16144025323262218,0.5907439041734627,0.5067356611196789,0.6487568890723072
0.7361442622610551,-0.46296292292922714,0.03127660270376087,-0.1773233234209315,0.571244405792805,0.47268309223861316,-0.6213989256288834,-1.9850072826756244,-0.34112591052136915,1.1735477179595508
0.8756555318533007,1.038407976020905,0.8850008381822947,1.689006878196408,0.4961412413903745,-0.484899992778835,-1.1418809714701486,-0.6132719378135771,-0.04312669912994305,-0.2507552757308606
-1.3243822080768883,-0.444208871529215,-0.09116542380136128,-1.6250426370951718,-1.1385578007597923,1.918164394628769,1.553457291901678,1.503871490902488,1.3579772868223283,2.217440086118471
0.7222741471780024,1.780428146378743,1.6957887267348966,1.2757493084677174,0.20117789504156902,-0.008648626012240201,-0.8509206792428712,0.3479680858937245,-0.06078291119766927,-0.09503216674675756
1.5970278598509826,1.8378113823549604,1.147460851624722,0.8062072356543253,1.283556013672248,0.584827637059613,0.9427053526401077,1.1114649890865398,0.32802359947503773,0.11405705217921802
-1.1619002215998122,-1.237456253698198,0.49908273409322657,-0.831640299051516,-0.5199491423601108,1.129580854227459,0.23041697762611968,0.5744454972456385,0.6658256804497882,0.2256925152404483
-1.2665962697308424,-1.603518668111249,-1.0934792538980291,-0.4853802187288835,-0.7449606091563087,0.044189919556039105,-0.8931024364234422,-0.09716407100245093,-0.25070407262409916,-1.3521431440459377
-0.08232567819273391,-1.0349263374923265,0.7270490587356229,-0.485084367018149,-0.8993146226023443,-0.5481591248437031,-0.7574036565928963,-1.368625034401755,-0.2500387189467522,-0.14672770238407676
-1.6976223095181227,-0.13624299430557074,-1.8611874323144884,-0.7827708157544886,-1.9017127920844037,0.16874759522818958,0.3655612498853154,-0.04573697692645509,-0.379646499887293,1.6705910186896515
-0.16484438157976464,-0.671118662716129,0.18469211743430058,-1.576834190442757,0.16946751975676877,1.002031993310248,0.44055056429905537,-0.30739324981860583,2.6703212115047217,0.9995496100130867
1.358184147104979,2.0078244696784804,-0.7215744223158321,1.2647427873599473,2.0017138576673346,0.5228796669176042,0.36586922266626676,-1.0643879318907228,-0.7311287597512576,0.8617545899566277
-1.0038881360113527,-0.32774525524340936,-1.503697888789722,-2.4656048160409774,-0.5938752841954295,-0.3281428321466607,0.31577902499495764,-1.0379577657094015,-0.6576537884495516,-0.527169473616604
-1.4941123357187784,-0.8102808532758133,-0.7126047397276123,-1.2078796012997703,-1.339868685402776,0.8496702524484937,1.3748547523002945,1.698786934140093,0.16795493856016963,0.36660836198455493
1.9079484933468815,1.1164161362291083,0.3982951323599204,1.9456154593664956,1.4957750759599457,-0.9936849198426648,-0.8815472305354717,-0.851503910198276,0.9047455481902501,0.102367551386217
-0.9624726036810854,-0.20191599028851065,-0.36882781377224094,-0.22932308361335385,-1.485583705068152,-0.8960888077757798,-1.3759977551016058,-0.4153653953986502,-1.5856732043138855,0.9440172849482962
0.10130705515326355,0.0598666040538862,0.7182555179325786,-0.8563356120303899,1.005687325550896,0.6589105844808723,0.48611867746126014,0.038068513112475166,0.7519648039652613,1.5590344155692322
0.006734534101622121,-0.25895685571798854,-0.35330005373695367,-0.830593283140529,0.13796904669006207,-1.846996177190627,-0.8428847948636802,-2.561248485449075,-1.0117843681607153,-0.5886145754941493
0.5898502463152723,0.9099420093978263,-0.27907564593654316,-0.07891503624957663,-0.06519290499079755,-0.9949344438163292,-1.756762516510391,0.06467699741031885,-0.3931915853980288,-0.6199952607820463
0.21211370113122407,0.045662939420951065,-0.1901573870980991,0.2814643161208574,0.02936380246108551,-0.796957653281206,-1.1948261851711708,-2.168750146964724,0.42151698706473284,-0.35864989768384326
0.9861740478907121,0.12019676508550603,0.0005938782376140317,-0.760768711304288,0.3139426804703772,-1.508373387331847,-1.5269774257220816,-1.402048635029222,-0.05649238059399875,-1.5530586895353864
-0.8170086507420794,-0.14354405687186717,-0.64418699357634,-0.5813495775686441,0.36481367061113223,0.472451014355301,0.14916196900770773,0.265589443124697,-0.0356043593278455,-0.7934188785559744
-0.6783498788411441,-0.5205398132012796,-0.40193762610245565,-0.252439856834893,-0.6192732276056285,0.15134693365674112,-0.4799601896922409,0.2735324714348564,0.24581600363390754,-0.7579171103408913
0.38930539110441015,0.6216653594697275,0.05397883452254243,0.07038479679242038,0.38346710938625367,-1.3354568503598725,-0.33074251951094924,-1.420116056054101,-2.2846418535694,-0.830202202957125
0.05909333302501734,-0.28275543638498973,1.2370970008638695,0.4165195426538836,0.45108797589118127,-0.3361246026263436,-1.438276619375933,-1.615210795076167,-0.14317682478952903,-0.4403758995426684
-0.3202407423014329,-1.087653845491543,-0.737925608562491,-0.06439751316874553,-0.7531816879149268,1.1345324486972188,-0.4630361848542174,0.12866789526567346,0.134066364908611,-0.3792329259527544
0.3234650509506103,1.465516187817821,1.2201075819405918,-0.16039297698583224,0.36476176449897413,0.5207208987017389,0.08473505472744003,-0.23053822390859074,0.19683020295862233,0.3101052716700835
-0.5002148587562626,0.7543510685441913,-1.0937439494407413,-1.7328661751693155,-0.15416420342186837,-0.12982017167255325,-0.21786768612769417,-0.6718833042892635,-1.3651548443203265,-0.3263692079110057
-0.7010408239878044,0.140420127916018,-0.4387549960973788,-0.39545257944452505,-1.600562844054765,-0.8723851082937929,-1.6724839593658214,0.17013038576020467,-0.2593740199721089,-1.4583382859579475
0.60552520522431,0.14691541831456478,1.2687739035138155,-0.2567643071227053,0.6043290325319552,-3.4087120764716907,-2.676752050703843,-3.1379211153482345,-3.504943437151051,-2.4969745428413854
0.09129377217545448,-0.15056429059066703,0.8718562535165306,-0.34911360573961503,0.03122498936944232,-0.3474311704861944,-0.5305971764507763,0.002894185631795665,-0.1131437156429393,-0.4697334251174491
-1.7388154625209316,-0.22999157179664775,-1.517294993560263,-0.8750076926681577,-1.1243563264377037,0.14948410073950924,-0.20171589827118694,0.2174599990367371,-0.8348988905661995,-0.3714389908729754
1.0392536096340605,0.47479233782821145,1.1238765946179248,1.739656018461932,0.7529222316260793,2.538483229427952,1.7654340337926568,2.3798967674374265,1.0043428122810116,2.354222456576508
1.431477113927417,0.5502986136874943,1.302816007907925,0.9748536149949304,1.1871182895999473,-0.5991977350329224,-0.892234953122667,-0.4906499912365645,0.4880418976572253,-1.8355585186510237
-0.007726281105681772,1.3316345969754095,-0.391002096742604,0.3902730406510712,0.9496456962823139,-0.05593699406042271,1.0866993115860875,0.5648484385879535,0.41041991226858426,-1.5454356287540474
0.6905573182742532,0.44934144770354495,0.9232663619628211,-0.5481744603432326,-0.35894665364218353,1.3747486832306544,1.2645900501808414,0.7627106699110995,1.7669054199872738,0.8960836241018484
0.5647100032131608,1.6582052937296132,1.725382456792546,0.5706359103687708,0.15095136068570944,-0.9933271267246865,-1.2590158061862406,-0.31555289185934987,0.5396273702610322,-0.57261229286384
-0.819074664000045,-1.572003839324625,-0.23649061087594747,-0.6161336614366518,-0.09729134201288564,0.4103687026715378,0.33856217356530105,-0.8753966875882454,-0.3205669138370596,0.5739165658587486
1.7810384592422948,1.6167849467854447,1.651186276087794,2.1245710004128826,1.5901766878509804,-0.31090667207257267,-0.10784585396262093,-2.2070070963891006,0.9370305057824052,-0.6116737428209649
-1.256983675369349,0.5991602424320509,-0.3998739057876311,-1.265853125274415,-0.5518073848717824,-1.0110326867032555,0.26593715491545467,-0.3702604773310261,-1.7708591260338382,-1.3547329458892214
0.5012083271142144,0.3720921103476616,-0.6925001587402584,0.17828205411907921,2.317293289799694,0.7710362167598054,0.04492239547121307,0.8288443481448486,1.068160707474943,0.49561376139106766
0.4459283483384537,0.12361292520249148,0.640816000312141,1.0682946174503765,0.7507303329274282,0.3416908859581642,0.8052260011461682,0.5834495646658765,-0.1528051293896609,-0.11347125454103679
1.0444918940505687,-0.10279734834688004,0.005032752560898079,0.6654190516960221,1.5387954587443216,-1.8903722477087583,-1.1969353131191354,-1.62765613569549,-1.9357088628105281,-0.05002974206083821
0.7609455258811165,1.305609413954759,0.11139833132423776,-0.25920926819018064,0.31336855504673283,-0.5387118965490677,0.7833296861204287,0.7819281666376753,0.11679393899544088,-0.5965541110365844
-0.2952167071206611,-0.7566331532834031,1.3372835547189512,1.6155789447245301,-0.9157329603846646,-0.1749298820038401,0.8672881499580231,-0.46318130683354436,0.6043965652715914,-0.15412163943287627
-0.4584082745531576,-0.38859264631689605,-0.5017507580948051,-1.0911550944785642,-0.5453533346587682,-1.426693421297779,-0.7776594120789102,-0.6075103595003166,-0.23180696762410513,0.9538041987448745
0.7571183686744447,-0.3516281095290803,0.0013928190243077676,0.4837777579014303,1.0384241188343137,1.4390750834862203,0.7360812684763542,1.3872832127714716,1.0986781836952046,0.7873938456781672
1.8904589932744518,2.435166431030182,2.1464298948130796,1.5709061606201573,1.6138544960921337,-0.03670719561899534,0.3611274834251727,1.2822697643518688,0.07641919008068576,0.39878294954770077
-0.11567284247945017,0.7437820892366782,-0.7577477386530984,0.11014613896144729,0.20700809044875573,-0.8414601530946475,-0.6840792479019737,-0.7878707524371347,-0.14656515815537152,-0.055796452335901026
-0.4321117604530126,-0.32503425491101373,-0.621999411896156,-0.4379823405099404,-0.4555507420542681,1.3152366287442812,2.131826657922038,0.35852017502729316,1.0857445207331415,1.4107209372975609
-0.5508169173337938,-1.2097990440709514,0.5064298239852933,-0.5175171383881243,-0.6525203069991306,-0.6075290409554163,-0.3352617799351004,-1.5333858023139306,0.01650094440689842,-0.1749026009476953
0.5908820734916369,1.5104744779502153,0.44415960211512817,0.24584254057620258,0.2851736876966068,2.017809371605892,1.0033143790045527,2.4912728827781727,1.4666022603898483,1.458882342059958
1.8395020028225635,1.0263238781317665,0.1724480487762836,0.49071522376400023,1.8050303595349173,-1.2793900879214963,-1.1808807834216621,-0.5113589933939484,-0.19114329922844508,-0.7553560980986155
-1.0333374959890294,-1.5126103741500607,-0.3348499575367592,0.8122274153554344,-0.12293677157312644,1.1582226687959571,-0.16898250160647332,1.0971413672551185,-0.48372614048185114,0.31512726499568317
0.31323652737471736,-1.0391383977095827,-0.06386770293712327,0.062160629784348,-0.4993347031322939,0.7825181806723981,0.9315851374709134,2.8771269856358757,0.40887761315807825,0.756009690957183
-0.6054494878719654,-0.8851260171857394,0.6758592766537302,0.0024793546921405563,0.1206068411108111,-0.23479939411441825,-0.7757741697397433,0.09439301167911243,-1.2042518950236334,1.3890177609492398
-0.042304725672598735,-1.06843271211857,-0.46251737805542087,-0.2686032511248712,-0.49432121760871217,0.025674453657999224,0.851208816817561,-0.9729901902497875,0.22696372338931906,0.9367269921166544
-0.2362496326236882,-0.6101577856198755,0.5853507625223151,-0.4187266803539529,0.16950229868511532,0.4545318718688109,-0.6870998591277598,0.14657188867104767,1.5432046239655814,0.5264034181332332
0.14549304703531002,0.6334593022531617,1.3699471738091282,-0.22340669909415503,-0.035245828128077805,1.7180999962398222,1.2134601272652399,0.3759945000285112,0.7564917544145648,1.767139337087239
-0.9449338356200992,-0.9295430252433072,-1.2691486978944546,-1.7682649619544524,0.45674300092814557,1.3666791787182826,1.7624358467336705,0.5875075313846516,0.9850446369862826,0.22782496063238644
2.5207086921579696,2.0185119675977194,1.6265143885898588,1.649789646882236,1.465931080444733,0.5280186796945225,-1.2923540259817723,0.03727053101250177,0.9180922741247517,0.14524004430904855
-0.7870019834725421,-1.0674656585241638,-0.27336743034823563,-0.8415629917499114,-0.4233470206067417,-0.29415243484556425,1.342549944256982,-0.6372989981631284,-1.7625324705003445,0.5291044376886143
0.2754726109677837,0.23937084999696032,-0.41943650536063587,1.0294666711401361,0.6260249896728954,-1.2594712043760588,-1.1418450522145922,-1.8774593196240534,-1.2154258984133386,0.31149294000172045
-1.0953936892160367,0.6050219914744186,-0.5737463808001482,-1.6213904064670885,-1.3909070402156427,0.17203113678046833,0.21904344635778958,1.3220167061188304,0.388828157623236,-0.4739873348101804
-0.6491231216382576,-0.7032550236040483,-0.6150113986819127,-0.8665517112711312,-0.5064165298313711,-1.5842163388718526,-0.5954768058454302,-0.8026357684001344,-3.2312660117579552,-1.3972359190307926
-0.5929258703203995,-0.14051057776570247,-0.5900613614933614,-1.0566629382873707,-0.6054277965910284,0.611061200073943,0.9490000889795973,0.22584586800447068,-0.3451204081905273,2.0548918656182797
-0.1210284157799757,-1.2027299558360804,-0.04977088815269276,0.945452865437322,-0.45165611278238765,1.2246293575998046,1.0041428560571208,1.371763986120203,1.6325887142079787,0.8691612990132025
0.007989308907942713,1.0911654239385475,0.056485702814037794,-0.6152893021744779,-0.3084325181120998,3.208160913916495,2.843251257415404,2.4432847303216794,2.847516248893768,3.4709397300809512
0.7253240631466256,0.16693314557904193,0.6247611225197479,0.9092892538518842,1.3018641106115134,-0.20677216355189393,0.26005768464463797,0.07510491224191107,0.15005531922739906,0.022796045197755244
0.5517282690437805,1.136440875588963,-0.041437760389903766,1.0790436609764946,-0.04124093498361919,1.2416372628987402,2.1452180348507017,1.3276176885735618,1.4774763854102715,0.9941450386792383
-0.5835233787910404,-0.49643469175062455,-0.8049382786531767,-0.5128189965180727,-0.003970229607551445,1.9076359704420263,1.6368979482152006,1.3417449741661793,1.4034284467406897,1.0078104051204813
0.15479224452383833,0.545109597533664,0.02366609335608738,-0.8748851511179929,0.33302034026495775,1.5263031999864394,2.4850908171706427,1.5014212918792427,1.4141606689270532,1.708376974648089
0.24710256483042056,0.6521705177403123,0.14100844622971145,-0.8012289194068501,-0.8246715559092979,1.3045920856783244,1.5327454902028055,1.42030065535142,0.6081088045623286,1.8798064625848805
-0.3266233335678035,-0.5517433637790321,-0.5420374487116658,0.3853580199199656,0.142124805183459,-1.402095996042765,-2.2836136885189138,-0.787706864446191,-0.8233523779922716,-1.697895997135412
-0.38833390313264615,0.5079434339730065,-0.040494555280343625,-1.1720779284636904,-1.2812840742212974,-2.4787565179008344,0.37307450843241763,-1.7786770514272248,-2.091751625195818,-1.8790309677830415
-0.04775461848854061,-0.5754518413973834,-1.329427347244097,0.24653476555487844,0.41511905079743405,-0.4958252538120278,-0.7587501499882869,0.8407152257030271,0.6378777990983917,0.3731130584061464
-0.1879991015167995,0.42395678438234063,-0.6532566218081326,-0.049937772696622154,-0.4938066529591595,-0.9661853720724374,0.5084945643936184,-0.9911942198231596,0.5282645524487882,-0.7264689332575508
-1.7485180294835236,-1.5026249387113455,-1.423871074236993,-0.9546361561598904,-1.2179872066110218,-1.382761606092826,-0.8784337899923866,-0.6014224530657477,0.14984789690285916,-1.2737355390702239
1.7849481228801383,1.4990979931945083,0.6380751525393327,1.5862426013380506,0.32516292334064245,-2.9858225341099236,-1.1344258629848234,-1.626241487004977,-2.2509204556237843,-1.173599030352627
-0.5463243585126668,-0.712356047038925,0.7810530509093123,-1.0492013592330574,-0.2950285904646104,0.41097110903001155,-0.25606745476266907,-0.19609264262468673,-0.4576742980397543,1.1056830577030479
1.2056731451919556,0.8796611862857509,0.8574412544760077,0.14730473458831772,1.5059462083088748,-0.8676236302270486,-0.08843067608562982,-1.1778472239742541,0.4064606074609496,-0.9056537655614324
1.600875123677092,0.3531277712502108,1.246851387112648,1.6311726825540922,0.5443240017207649,-0.1651991591304367,-0.299787609940777,-0.37628370854996185,0.3059542356171687,0.05400513574917662
-0.2370238730397667,0.010874337686253455,-0.5110124626687795,-0.6153586604513177,-0.5995207401142733,-1.3364100878519811,0.3312719214242128,-1.2427189814278141,-0.618964075872446,-1.787027893628748
0.031565667289914785,0.05365239318055505,0.010827564050622619,-1.9419028952490411,0.3467603172947522,-2.202256768978556,-1.0981079535962224,-2.5395501928869475,-1.9129855962685478,-2.111973476031943
0.06796997116362523,-0.33816781486862363,-0.8202855839711352,0.5108829325620994,0.3900949729487694,-0.3016807761308459,0.5151623250650095,-0.6911859038257961,0.12738398770849368,-0.10173509718254858
0.579269811898811,0.36619103997471153,0.2842152474071432,-0.3345497138721056,-1.332862855853332,0.757423818050381,-1.152230560945579,0.694637434626828,-0.33241444064734066,0.516192573967964
1.1412659695103695,0.894584516223009,0.12972831568145926,1.1324879225037483,2.2381742087957055,0.7765655517115755,0.4397380019984264,1.466801443198212,0.9866132827982272,-0.2299946080801123
-0.4260855702310654,-0.738426877393783,-0.49636568379748125,0.6964138558990373,0.0792027881799951,-0.15829917344972547,0.20909776875683073,0.3184064772966975,0.9449687088013914,-0.6469875399471414
-0.46193518926703,-0.41530664780037563,-2.151500726615966,-0.31138384360465027,0.1743448423554428,-0.09638181355848706,0.1072844379373516,-2.038123368165017,1.1768391242842753,-0.8720118282376772
-0.06580332107218435,-0.7641700464588719,-0.8516177427771431,0.6650567170908263,-0.14857070739431566,1.1011925333791985,1.4461913923576604,1.2031237770518888,1.2542068123776042,1.0615906985061265
0.17481932702080696,1.7975619899353998,1.1678260931638829,0.2322070417170834,-1.202613900182607,1.642848168853183,0.7897881571398258,0.6436926745755485,0.017605858448583422,-0.4274250241807156
-1.3781013415340242,-0.20830892815272217,-0.3716483298263572,0.16898035415516977,-0.48282300811606743,-0.9633320704695443,-0.5890908557957825,-0.28185479823242804,-0.47620792909363774,-1.394897986256677
0.7580799869400913,0.7256841918205281,1.4726384920451951,-0.22784019920548115,0.12703100563005087,0.07949606309144953,0.9493270663138265,0.04093057400088286,1.6776897918641624,-1.3640405680939327
-1.8898526590301186,-0.4858408031466176,-0.33186564870893165,-1.3287635307897072,-0.934451934918445,-1.449241480651316,-2.673660684802389,-1.0884368808831064,-1.6020946231865032,-0.6235788718295605
-1.614481254090389,-2.54360586828861,-0.64952772556527,-0.6494033355386053,-1.2863920962002575,-1.0730001540983543,-0.24958249365645135,-0.7751425270892782,-0.7424242018826254,-2.067408992180259
0.40358807028110283,-1.5440370298908075,-0.040901281219566266,0.1465304557327388,0.45250576811021065,-0.6857066210729733,-0.6994398043947285,-0.46275030263516714,0.6284762046227552,-0.421597200348052
-0.043209826896014984,-0.31539773279159433,-0.7709922183466394,0.7926020710330389,-0.5837049978485922,0.46444995749542084,-0.3914092787613981,1.3235517996365034,0.7708736504745592,1.5478228562489686
0.024549832403988035,-0.9673068338862013,0.8361243352464535,-0.29135306228889335,0.6344820595393335,-0.044085137107797066,0.22709612930388537,-0.043595787815385735,1.8561002922464227,1.243044387539368
-0.23467681592226086,-0.33324391301014145,-0.11816301435922888,1.3135528259993174,-1.0129461567723288,0.30741076649402355,1.132599226925389,1.0247530394965896,-0.35711551585455725,-1.1725539395034579
-0.2232897220539845,-0.00943458747148615,1.6247857387966362,1.3592493533614607,1.447354527800603,-0.7210621147987927,0.32099056962375094,0.24557624483460994,-1.2208396534514108,-0.24191871044012822
-0.8703736742910814,0.048045854445507685,-0.8699936785124225,-0.40782187472841,0.9889534283477345,0.43881652336169663,0.18255372609602882,0.7921414698735794,1.2154855333656447,-0.4663223783465898
0.09569537759625597,-0.745896313331567,1.4759162187057457,0.46162294222045863,1.2329674878094457,-0.43679556010782966,0.3815884013572222,-1.6416298715688915,-1.19270619192531,-1.1906220020202702
-1.041123135948791,-0.4433928008579914,-0.8407579303078342,0.12223743162107226,0.1820879937377552,-0.2863134067868141,0.47357077620518284,0.6624636384167174,-0.3356344400899821,-0.27233341429616936
-1.0989245655905424,-0.7589708995378435,0.18488234752442834,-1.6170757214411478,-0.8296268008210145,-0.2108297133561673,-0.2034357308976003,-0.4850141708354118,-0.1869263687362043,0.7963811534610148
0.4413586925299495,0.5571223712849085,1.5206313454455254,-0.628004335464482,1.1420320655355771,0.7360561337383746,-0.04825913320261571,1.0223421311874115,1.265720326550775,0.9341377783879925
1.1793378097192062,0.4543450482563511,0.09500409699488366,1.7227990417616286,0.7568527089087602,1.44771298327407,0.4582773689967572,0.201952471058233,1.407816680711714,0.3975533842630171
-0.8548349169327834,0.3893716189798453,-0.9447423482624542,-0.40271753492612034,-1.7078178758960134,0.9533035516427811,1.256360729390721,-0.2809309955702476,0.9669865719804587,1.155426760776007
-0.4456795560532098,-0.38589564968685625,-1.0496704100870136,-0.47373278952266284,0.7615248419612096,1.2870922599469117,0.8045811634805643,2.338535377754087,0.5307889786219131,-0.8684607444847345
2.1062402977033328,2.7413877452268505,0.5960121549946463,1.4823118355338145,2.280510119427272,1.7634923105597426,0.3512403456254991,0.41902583320443765,2.0695931184311025,0.5740807331065877
-0.09484460692850216,-0.6308416249503457,0.40998979215779063,-1.7703656650922517,-0.08877182428352062,0.9883377412115197,-0.6379653721621457,1.5133851724503842,3.7017809359506204,0.01631616355190013
1.1968167090961244,1.3682565246730323,0.6973509530518458,0.7016829833800718,-0.03718487218349642,1.6142460943748966,1.6813971368146285,1.1392516144875826,1.5745888754710222,1.1087785341651422
0.9727923614357405,0.6383428346687268,0.7183516879178485,0.14317171387542027,0.26232363534980474,2.083210959059034,0.9385714962892908,1.0348235197085762,1.4298314434580477,1.1999512155293601
-1.4151667734825137,-1.2246716426000959,-0.593382544281133,-0.33498245506400715,-2.291174826680855,1.7111015603628703,1.363288971556983,1.0781490115412775,0.1259255456996311,1.004707290796423
1.0566098490416067,1.1911903691509935,-0.5868126193801635,1.4502210031317908,1.4145496211448783,-1.0849613034565766,0.2368708389304045,-1.6939710625831967,-1.1896688073433688,-0.8380001949239488
-0.38583877461162164,-0.48373974116319585,0.6488475899260041,0.14174491959127383,-1.4150787657982873,1.0096857385188218,-0.3384007551914575,0.6458433064667838,0.4938900127296957,0.673323758964538
-0.9535708146940268,-2.5685230637429184,-0.9168026685172256,-0.38508560660108554,-0.46266135726090307,-0.23013619311163766,-0.18388996501927776,-0.9723999280846968,-0.5558495355347214,0.2608754728954732
-0.16122943118080152,-2.300185950598029,0.26734998054947723,-1.1821800656962738,-0.7153781677071965,-0.45572501084051054,-0.42593757780853225,-0.5967325235597234,-0.3084393534886788,-0.18273950204339517
0.844201190692885,1.499632012341061,1.0342184650878488,1.012744361746198,-0.42792922063690875,0.13669920332721244,0.3774340834745901,0.7920212731732,1.4400297207309283,-0.12723419029064853
1.123102110260895,1.664751749738361,1.765116030061392,1.2356515152853422,0.9563910611053839,-0.06300501583677695,0.9007268112926604,0.1522149300952086,0.9068115428999626,0.26434900040575576
-0.9040891661490803,0.714968612490162,-0.7077455693100059,0.25638300535931613,-0.8712428582741031,-0.6213766080475112,-1.4141907066531474,-1.5302468589421476,-0.5245972097736142,0.22390474535946286
-0.6496056326016644,-0.46724161587965496,-1.9713044350139337,1.0579804343895778,0.14386280777679705,0.7611505498063198,0.9277568100606783,1.1418228124480778,-0.4234654050294048,0.0722047626590559
0.33959262325518413,-0.6854110559925309,0.2785121125558355,-0.9710152548491632,-0.6675363939483597,-0.6934133311673524,0.3331715373926289,-0.45611401719990957,0.5655927548251736,-0.4958608323264602
-0.4463651550284352,-0.6120984067264158,-0.16912224225202704,-0.5898835531499038,-0.8532864423737649,0.023864421189582014,-0.12612243265422068,-0.39651325859039527,-0.021766146662879765,0.8984844171585235
-0.7124048733521602,-0.49052467546815176,-1.2372934015457506,-1.0287678177621626,-2.2038010058370805,-0.12623700727326478,-0.18650472636965496,0.485370810675747,-1.394080787714398,-0.9200796162658333
-1.4387751272401994,-1.7263117294220387,-0.9018131938169618,-0.883947815142023,-2.567078138565128,-0.1565385777150951,0.21624391415832725,-0.2288162706913638,0.43964994210851704,1.2697048580926575
0.8272526511405023,1.756394695120624,0.32125812450011343,0.5886476969257117,1.8632430954594046,-0.5306668897390933,-0.08289518545020741,-1.2307594050931558,0.43452091937896964,-1.3626031530178961
0.42874778745354575,1.8994484042666178,-0.6587946713769484,0.13295541408680234,1.7881102246250162,1.5511771328922608,1.4508148036490316,2.4124789453911237,-0.8352656452247524,0.7458107542038934
-0.8927322092380086,-0.28335180716481745,-0.14537641461096495,0.10894375351389018,-0.5586927906608824,0.24113969200002205,0.583277071916113,0.14360348058386369,-0.46986647885691013,-0.5653410826200258
0.23464618770475926,0.15649406444223302,-0.23832795045728136,-0.6223147445394231,-0.42407908551628193,0.21943995861993149,-0.6035983729273368,0.0807885722180064,0.058698191534912125,1.8053165419273578
0.302041155100324,-0.7133625908399279,-0.0787839991189957,-0.5320806359101538,-0.0017063555260848906,-0.9835804969268109,0.11321006332157502,-0.947180600707989,-0.0811473555858756,-1.0218402283593542
0.351570782962459,1.350474246960832,-0.0842478249721354,-0.48534359875143523,0.869956312481498,0.051554563324959245,0.9201889040529156,0.9302067954637412,-0.3584230059880556,-0.3470958612980873
0.8834121740905903,0.6728824846922954,1.5006967197420837,0.36106315422019286,0.25104128491466793,-0.2026489933002083,0.009688910733930078,-0.5305949788575473,-0.7640949425978063,-0.4134664955791924
-0.4263015880138014,-0.5049157971428647,-0.32763109569719717,-1.1758000211039066,-0.1287065862420519,-0.12267622111472039,-1.2151992727560652,-1.253822588609857,0.47286124387941064,-0.007087699655836138
-1.8863049279833795,-0.9767864179945114,-1.2639248788745088,-1.3551004306811416,-1.329523091742638,-2.1556068785835505,-1.4883436582530007,-1.9168948423413479,-1.7570386627819337,-1.6507386140996356
1.0138968341027554,0.2914460874670619,0.3950506279140476,0.5915441458137326,0.30351428660742014,0.281829624418614,0.33092493193298034,1.1914506606367141,0.5951151272552874,0.08220402729044396
-1.1241405181643607,-0.6820085090371217,-0.45634533440700537,-1.3485825021742175,-1.16267514622699,-0.8577800019918477,-1.4273778761058864,0.07480869350603869,-1.4022357698801025,-3.239524370676988
-2.1270975436158617,-2.5190956581170907,-0.5253624534959446,-0.864974363869272,-1.2794952793571173,-1.1452279708867228,-1.0180794150756487,-0.9381932990260654,-1.7720823025673007,-0.7009604663932862
1.0195070602013239,1.489990477904134,1.1763201081146413,0.6711630657189045,0.01601727127057473,-0.5603514924222011,-1.4352564789351108,0.6793550879285948,0.20972639876786214,-0.35069660928354573
0.0311784486646287,-0.05273948367676526,0.5123460384955985,0.7807069235665247,0.3444241931495237,0.9907617345678559,1.1054972632935132,1.2123820125181797,0.8358936454390725,1.4332390836503408
0.03440749598552754,0.8516345881050346,0.45702020984425423,-0.11520820804756908,-0.3126894916842637,-1.4469455214256013,-0.814399468186509,-1.14310496575583,-0.23950892217126352,0.054285605606975706
-0.2952804727200515,-0.35033629274869516,-1.1923867360269829,-0.22397493716811734,-0.1157378818758611,1.7609023861276074,-0.10610037438083664,1.0185059767006457,0.7398509108125768,1.0019407740742958
1.2199632947770542,0.7567082591170219,0.2283003131961403,0.4520672799561703,1.842321267751464,0.9769641504287125,0.9021168688918109,0.8852865074791083,0.03079897971771761,1.2553070982447372
1.2388498846734588,0.0014271045892068068,0.7208046392572508,0.8621626827811223,0.7470817739475688,0.2798202650191239,0.13894009010064165,-0.4502961777084531,1.2159400019390476,-0.6552366261083015
-0.6855316128530513,0.06270287559240711,-0.9982427398289515,0.028762760733824277,0.1769995573772834,0.23958364414552194,0.5481702474934358,0.15915292208297774,-1.0016190929486266,0.7388590639095429
0.7102748764711765,-0.12828242112159333,-0.2630390836530672,0.20344101553302812,-0.7825750246593368,-1.61973469381174,-1.35036644080401,-0.8183776916819918,-0.10179974850563778,-1.4878714938081008
2.030372990759104,1.0738860371069476,0.08426018762323384,1.791481286225547,1.0853547137965696,0.030246564855953728,-0.5894113462179457,-1.262323084761046,1.023156965772768,-0.8806318646258076
0.5092479844130853,0.3572214295351399,-0.6051406111647992,-0.22394383619322672,0.3762472196591414,-0.9853780040698807,-1.226286903095891,-0.7843666919735023,0.013115740910981777,-0.7815308877705239
-1.0220872459766968,-0.6288896890210806,-0.8986569629691122,-0.1733905434515043,0.6580717668136759,0.008931873110698613,-0.4031682395869424,-0.2244970445859989,-0.51688274295272,1.0700726370588147
0.03655966440087428,-1.1928051539914957,-0.02398857788847058,-0.38854383102369383,-1.3740939875167846,1.5560163269499772,1.0257164473722749,1.7926746687056712,0.39090621760496314,1.1489629116584688
0.6087897715292568,0.26132448314342394,-0.14020083815173506,1.0343739259400508,0.357445255787754,-0.8406237071641448,-0.4339667104647732,-1.9481017712139186,-0.7060339770783828,0.5908271251495913
1.6464930754838332,1.7204531219045394,1.2089090285971613,1.1960911141996857,2.192829069986165,-0.5234466424801542,-0.4851748768427475,-0.6301597924202306,-1.3243852683372335,-0.9092279192487112
0.6539862322351151,0.18760296302977814,0.1479711729204477,1.5439685855783127,-0.10282634135132634,1.610900936414377,0.7253906026078412,0.6809837724288865,0.31626144169733017,1.8433835075690976
-0.5104578670284787,-0.517811080753467,0.4215048151090208,-1.1814897137934968,-0.5093178200670475,-0.6606769437718044,-0.696483377499066,0.3001507538312543,0.060515629529434456,-0.9250387346289337
0.08138783642507771,0.1729526043431167,-0.05845239710163876,-0.9972295919508486,0.29388050737071253,-0.057554662465918886,1.8682953173471832,-0.07050305829027526,0.4560520740218449,0.13382443483255682
-0.5395274697703949,-0.46762297022554566,0.11961048637217453,-0.817736364696106,-0.24590376575275755,0.5118959120492431,-0.25296806450970066,1.697646104291497,-0.4648754713701678,0.4973970365468439
0.46886960254188487,-0.4077265487011762,0.473332375691566,-0.6606012768970717,1.4463925003776401,0.4214507405553377,-0.15007903486038104,0.7771815830541212,0.7877511685573081,0.7766331780665346
-1.6818057566276796,-1.2032203537215924,-2.1785430274887867,-2.1647342580602054,-0.8569896679679853,1.9143254086037818,3.7474239276438883,0.9325690295315305,1.5895521382855762,1.434857889917597
-1.3040162572279212,-0.2029011404263632,-0.9775542674084746,-0.4689353530064863,0.03540813020784517,0.72166195980949,0.7890226843036512,0.6512051155589709,1.6164944884329278,-0.09265134220167698
0.6614783946454811,-0.28765490306952923,-0.4193772307420147,0.4600506208444201,0.2059374845112354,-0.1812198263054794,-1.1664874010537811,-0.38686188721042236,0.3147133639130129,0.5511824790538054
-2.117243312120527,-1.749503879639215,-1.5592840412603892,-1.8246310548510682,-2.0109112408804943,-0.6483584136249257,0.21895386381909832,0.2316515182526646,0.3830189854769396,0.8945121131237739
-0.9051750567435755,-1.6203046611720282,-1.165752379835964,-0.9099691090384818,-0.7948211424816918,-1.5974276211665621,-1.729897635979992,-2.0507105674792245,-0.6757803726935321,-1.481980144890485
2.2317861454923915,2.234531484179561,1.8350264684427615,1.1357372983830087,0.7344851235859393,-0.09534783849605591,0.6288508416424827,-0.6879308443461682,0.6827055565364265,-1.4566317289419213
2.0597658993397405,1.3758791771456915,0.4832033868619252,2.620435458803171,1.7871325468225931,-0.04898648806095168,-0.19215866986323477,0.3144531399645108,-1.0099655738053972,0.34760880331570504
-0.6659523957592918,-1.073330660368467,-0.45566747373129995,-0.991422814023255,-0.7417387694697817,-0.26231452558099516,-0.504720352049687,0.7609898140399906,-0.263022219181482,-0.4221797519803311
-1.0772278744747588,-0.6881686941484257,-0.34527302070656013,-1.6982519727435559,-1.2338127469601983,0.3406220284912099,1.444263824129327,-1.4519469419207676,0.1917799794331827,0.12177477355450533
-1.0448088943065872,-1.590908705140078,-0.08321334598633179,-0.1628723749870159,-0.3752528917546723,1.4194634728149536,1.3530790204908725,1.9671589518303465,0.7374173345337716,1.3453097594595913
1.412607900636232,0.25076209353102763,0.4431005954123385,0.8347451962259512,0.17204909334550367,0.033246516344661574,0.7610181928515751,-0.08488324216583631,0.35893487033286486,-0.32521798392596674
-0.21963115191741533,-1.1964857162974032,-0.1410650765867313,1.3022338317267312,0.3965068350863066,1.4631735002084985,1.281573117195316,-0.4805582514296207,1.4331495752421342,0.7467529653096594
-1.651177759055531,-1.9176571887460399,-1.0243171886007896,-1.5316104221532705,-1.4974256537995867,-0.02170845988770261,-0.35185909597277804,-2.2952261681197745,0.2839790721433537,-0.09019474470336894
-1.3359173093914338,0.03419080437658495,0.16972704295324192,-0.3309885694327377,-0.10738168684629024,0.9038256886095176,1.0520758345658767,-0.5747460905584175,0.45302098941668456,1.7044029919412336
0.5374297701390774,-0.14735037015338842,-0.6816804216922594,1.1490443173008604,0.09573010848478392,0.07796139746004017,0.969599049701378,0.03570051433473102,-0.5084315469433428,0.0735258291262879
0.6015500023439195,0.7540363361411584,-0.22957236002806952,0.048776748350200294,0.8723587673435229,1.45727086327856,1.0496181094757318,0.8971478879811993,1.781015291070902,0.008195437545151396
1.010781384005735,0.11030829527361719,2.7103337860447727,0.17699541959396703,0.8357801528798611,-1.7389872271999107,0.238788147374009,-0.6491510270274199,-0.8645677667873256,-2.039130663725723
-0.3117479089045521,0.32419205220992264,-0.4132540069732902,0.31121806576282895,0.31302866266590645,-0.24761303312442595,0.48536584737509714,-0.5785225744401812,-0.9350279869440049,-0.05514289132934361
-0.6260804635723924,-1.1710254416473775,-1.7886960197248547,-0.027701375907668024,-0.3597385383793747,0.662145281490603,0.5914872239712571,-0.41164348177036786,0.2832046444681823,-0.4278965398661569
-0.1856109348070501,-0.10191331051387177,-0.5459516698407656,-1.1373047618456054,-1.3178310112122005,-0.7691302177438546,-0.30882142384265726,-0.8138531182433737,-1.8247277008582914,-1.6871825040226271
1.0549560947192937,0.7762126509818894,-1.238901727576156,-0.06739496698523162,1.4588919522709176,0.1180097531291236,0.18099752840001893,0.10224794628792801,0.10358567932315732,0.5596718792555591
-0.8759244140817352,1.0492384307098468,-0.4410952873612976,-2.4245204242916913,-0.6757652213710763,2.229795115194971,0.49850766972895133,1.6247389659648306,1.2986111203787543,1.969540576317936
0.7851923067296196,0.9998483220761201,1.1279366055158966,0.9748258752092247,1.1134618706720634,0.16307020793270105,0.03754669240057766,-0.4937176153131879,-0.3305614515995312,-0.17376391004589117
0.23915868457723857,-0.25600707912875803,-0.48364608183637897,-0.019570936838452208,0.6603456604653466,0.39798455756288165,0.42677713890281244,0.9437301463996526,1.4628818521414715,0.48185170316468673
-0.9846525849923764,-0.20003399509890363,-1.0254209295308738,-0.8050553720999704,-1.2415009568133177,-1.927521135716747,-1.5690860551723915,-1.7251094015899873,-2.131489803004393,-1.1099286655869949
-0.7531243937909587,0.9997749192170907,0.1324339286756575,-1.7351197721155733,-1.180481666935595,0.21893884707163588,0.3989225682571648,-0.5186177240460762,0.6791224186429792,0.6001093493631688
-0.6611567286136416,-1.6266026605059465,-1.7127135577022554,-1.2470116462097405,0.005207445198300964,0.20967930909148969,0.15248384171009763,-0.27589031108988016,1.7980458846114138,0.5958616900036288
1.9753431178455254,0.7810876615581525,0.4389495599773008,1.0414092459033233,1.1661770585358406,-2.3457882425033967,-0.9368074233777592,-0.7079545403235917,-0.7061096267587522,-3.504990243267474
0.2984312361750658,0.03972316899213743,0.04599504095391729,-0.2712346500907321,0.87764613309274,-1.4501793702102626,-0.4386948087296588,-1.0435331578846503,-0.9665839900212831,-1.1253799760985015
1.7707977217275628,0.9416978329570872,0.7022838656024237,1.3237101951702472,1.1122974772737804,-0.3182064721325846,-0.07980870572453166,-0.7346187755635496,-1.0686517598394185,0.18673890201036353
0.1024228107189117,-0.16593984702086423,-0.1381669740793185,0.48837555417094575,0.8025567353750298,-0.43345532977786516,-1.320737809635073,0.4220349952064504,-1.3168236053272189,-0.5936659686532776
0.3973283082628641,-0.6532783221090386,-0.6243684299749793,1.8989573881911535,0.5804296835300595,-0.9569443489891034,0.738817638748691,1.006334087117367,-0.9347660380692191,-0.5945022028611292
1.51214355812192,2.0611256580100323,1.2115509327833411,1.0442054719535592,1.2641557713673108,-0.6576861087924688,-0.5353237942909823,-0.268150964147587,-0.9495713291165413,0.1429866250657144
0.7130692818515867,-0.5167972514889323,0.39257475759775784,1.2957053260474036,0.23205107656839213,-0.16576491665387216,-0.16921557892575323,0.8298918970728878,-0.6545555059716528,-0.04624934281233446
-0.02642995474069754,-0.1614815133581435,0.37369949250163953,-0.61122008676249,0.14748554874524178,1.2615350748110512,0.5597044888574354,1.6073488750904343,0.5720210413887992,1.9659173462066373
0.2533979172212008,0.9242509739988045,0.3204924110344153,-1.0187723809499687,1.0292457710176204,-1.2424584874574092,-1.1787587417204397,-1.2678443816624148,-0.8852990803668339,0.04883738784453728
0.021698171059916185,-0.00636757995134834,0.1627949557040098,-0.23640497978187305,-0.023528862034530806,-0.45827766831728356,0.8755020449107063,-0.2776402595688615,0.07084867258375183,-0.3879814400536574
0.5587978521423151,-0.308268838127227,-0.641711549305575,-0.7498430331931221,0.7704929237635523,0.4896261438724024,1.371559485936988,-0.6563925434693958,-0.6223866957876034,0.16775493368355937
1.1024665143680576,-0.19142050727362658,1.1235072911153126,0.7822052973734598,0.8048342767055467,-0.14171809554383202,0.24559298694187306,-0.24785940091086286,-0.6105771607614549,-2.2581755526167138
1.1314243705027294,0.6277447796464303,0.5557111865623181,0.23464133215794036,0.880982144669263,0.037722896682238334,-0.05717316183917837,-0.4513435991740304,-0.09682039490462854,-0.2236003054558473
-0.080398393905874,-0.596906122015309,-0.17525386477372262,-1.4519077995798173,1.17448258163146,-0.61060739629963,0.0735941278061969,-0.7030616282458331,-0.5454506931717563,-1.4252901313527395
-0.029831080944547807,0.12568255860966968,0.7277287451574237,1.2188881762699282,0.8373251440487698,1.2659336265568182,0.8789377081319072,0.2529859707478469,2.218418052317226,0.9909767539772598
-0.0048283722766100075,-1.0042161673507732,-0.5171596141750572,-0.38727571060032273,0.05332580572371957,0.7198279809313747,0.3233312848872311,0.24971350214225937,0.6443803180330372,0.5840598703376261
-0.13382985775503398,0.4869427520545309,0.8712577171173448,-1.2631750049461457,0.05946995159183843,-0.6284376011821333,-0.15154618519705337,-0.004022616031041648,-1.6347065360379254,0.1203201518463693
0.29171100909410663,0.28671657132900247,1.2357594030929697,0.8456206622102738,-0.2970380903555828,1.6837481226249844,0.7591854168200065,1.0036302894220275,1.412226601389608,2.155813948194192
1.7818962258649262,1.3828976604455334,1.7849229762613041,0.7269926258971805,1.1238009663228932,-0.5901104521574382,-0.19186755031127803,-1.8003727627556672,0.03109673490002951,-0.40353483212626906
0.07579154996435276,1.0821887521586666,-0.6472492485884735,0.8315883554580765,0.274008300547841,-0.7075232960039459,-0.3046956750989106,-1.0268926827213556,-0.5549792114051071,1.2730762207759918
0.9924766135830533,0.3820851077120444,-0.8665920442370014,0.17098531440792808,1.302193236533522,-0.6542736859843314,0.03291381170567259,-1.579921439023447,-1.347379536256739,-0.24863009104289782
1.5275320647572548,0.550935647562193,1.8397146779701314,0.6829942311124879,1.6043231865758791,0.07764057652716963,-0.4200369784810642,0.23593608919995868,1.3864722766812216,-0.9452118823038143
-0.26751252191525826,-0.5784402401004948,-0.10771392099020465,0.0590003319715601,-0.979428180986188,0.7015654719404685,0.9956744634282617,0.8385056390246712,-0.35702382741407646,0.028879911691108207
0.2873106025759928,0.06362595011887237,-0.33106001849706734,0.6247607967754866,0.898822646509575,-0.593156507338082,-1.074288836075044,-0.19059196006367188,0.11659167336893522,-0.6688146981329657
1.188336538358937,0.7668736482850355,1.6699267252876195,1.3806427377229564,0.7684384890899354,-1.660991889007022,-1.5147577125975011,-1.6780202615991304,-0.9276194875546915,-0.6296670503978745
0.23627077058901358,-0.4278473037571008,-0.4498865690641256,0.10130154747916569,-0.5394632732038521,0.42303597473040044,-0.12697486216848197,0.4625661286214239,0.7315498721166032,-0.4448742188295629
0.5054960442082751,-1.0909246229918166,0.050939789021153814,0.7313550792570948,1.3082168264825023,-1.8104457043583122,-1.9914785220620614,-1.5340456123090065,0.12031001638902272,-1.4032317742429727
1.3609015874770531,0.5520476799067671,1.3274778081940966,1.4851164442957088,1.9976213338533448,-0.7189470318695635,0.30452094187843715,-1.3322920260307165,-0.04050697941325382,-0.589695588906319
-1.2107735775251085,-0.5905745800135191,-1.642812996247606,-0.7043064894626109,-0.6591884845045779,-0.9109072141999566,-1.328505814922186,-0.02827176354296812,-1.0166377459666391,-0.9326320201399516
0.7155380517039994,0.5981845303831783,0.4226916281677354,0.3989983656300065,1.0070565140543324,1.99274280083532,0.7641523874422366,1.9169300934280828,2.1357641838409034,1.9119051257179094
2.287450000653147,2.4578682396971834,2.3790145252354007,0.5690679573644868,2.149283360136223,1.7727899230910438,2.1063407137913663,1.8734115855961133,0.6727193894735425,1.6396755112198953
-0.938544547309233,0.7395155365531377,-0.5062179565097872,-0.22908524742878272,0.3397995100697234,-0.2682331995332666,-0.6079568931448538,-0.6366564910546327,-0.050058251897483905,0.71216269182242
0.4837013936085136,0.8808637537505759,1.2294315659565296,0.3687090209243023,0.8585359020704989,1.8206325972057207,1.040435125822787,2.0796489528460556,0.20075272106414,0.931853829454336
1.1617347900146988,1.800531574884432,1.6227683636230132,0.5178335523629567,-0.13494472786399903,-0.49819242343437004,-1.0929005321915457,-0.6989151123195223,-1.1090508260375977,0.5900167590997614
