gene,base_mean,log2_fold_change,lfc_se,p_value,padj,truth
gene_0000,113.808,-0.5572,0.6093,0.36051387045547767,0.9989509062415154,unchanged
gene_0001,215.641,-0.0548,0.5837,0.9252230430202939,0.9989509062415154,unchanged
gene_0002,198.111,-0.0031,0.5869,0.9957327363405899,0.9989509062415154,unchanged
gene_0003,1892.464,0.018,0.5189,0.9722802194471891,0.9989509062415154,unchanged
gene_0004,305.694,1.3701,0.5712,0.016446192106008117,0.23494560151440166,up
gene_0005,59.684,0.2018,0.6388,0.7520862225287931,0.9989509062415154,unchanged
gene_0006,21.336,-0.1536,0.6914,0.8242124348650826,0.9989509062415154,unchanged
gene_0007,48.114,0.2796,0.6494,0.666729592080021,0.9989509062415154,unchanged
gene_0008,44.048,0.0162,0.6538,0.9801929840137399,0.9989509062415154,unchanged
gene_0009,126.378,0.037,0.6049,0.9512512899185311,0.9989509062415154,unchanged
gene_0010,27.79,-0.1653,0.6775,0.807307619277365,0.9989509062415154,unchanged
gene_0011,295.959,0.5749,0.5723,0.3151200223754599,0.9989509062415154,unchanged
gene_0012,11.741,0.0655,0.7221,0.9276789390745481,0.9989509062415154,unchanged
gene_0013,8.665,-0.2104,0.7365,0.7751465750875799,0.9989509062415154,unchanged
gene_0014,56.323,0.2537,0.6416,0.6925272533433433,0.9989509062415154,unchanged
gene_0015,23.262,-0.1231,0.6869,0.8577822923579901,0.9989509062415154,unchanged
gene_0016,13.835,-0.1645,0.7139,0.8177060201434889,0.9989509062415154,unchanged
gene_0017,30.074,-0.0255,0.6734,0.9697847693113506,0.9989509062415154,unchanged
gene_0018,25.742,0.1972,0.6816,0.7723044107828032,0.9989509062415154,unchanged
gene_0019,67.536,-0.0069,0.6329,0.9912464917489885,0.9989509062415154,unchanged
gene_0020,30.705,-0.172,0.6723,0.7980971163256804,0.9989509062415154,unchanged
gene_0021,33.991,1.7008,0.667,0.010778207971746334,0.17245132754794135,up
gene_0022,66.282,-0.3926,0.6338,0.5356293956093287,0.9989509062415154,unchanged
gene_0023,236.939,1.8393,0.5802,0.001524444231485466,0.04237266993079546,up
gene_0024,419.235,-0.225,0.5606,0.6881506105638395,0.9989509062415154,unchanged
gene_0025,80.215,-0.0764,0.6248,0.9026369340309303,0.9989509062415154,unchanged
gene_0026,88.405,-2.3901,0.6204,0.00011696235053749565,0.009454235826138597,down
gene_0027,53.038,0.365,0.6445,0.5712336844006982,0.9989509062415154,unchanged
gene_0028,121.7,-0.0842,0.6065,0.8895154188665622,0.9989509062415154,unchanged
gene_0029,108.611,-0.1895,0.6113,0.7566022695337384,0.9989509062415154,unchanged
gene_0030,349.782,-0.7549,0.5666,0.18270494514949775,0.9989509062415154,unchanged
gene_0031,6.291,-0.0014,0.7504,0.9985342054562422,0.9989509062415154,unchanged
gene_0032,49.743,0.194,0.6477,0.7645237550121009,0.9989509062415154,unchanged
gene_0033,101.9,0.0306,0.6141,0.9602198830046408,0.9989509062415154,unchanged
gene_0034,64.531,-0.1515,0.635,0.8113807254946113,0.9989509062415154,unchanged
gene_0035,20.615,0.0132,0.6932,0.9847824148847613,0.9989509062415154,unchanged
gene_0036,13.142,-0.1248,0.7165,0.861705320539594,0.9989509062415154,unchanged
gene_0037,182.711,-0.0698,0.59,0.9058748464662981,0.9989509062415154,unchanged
gene_0038,25.89,-1.8836,0.6813,0.005692989196877395,0.10674354744145116,down
gene_0039,7.436,-0.1556,0.7434,0.8341533656364436,0.9989509062415154,unchanged
gene_0040,194.555,0.2988,0.5876,0.6110594623432106,0.9989509062415154,unchanged
gene_0041,118.36,-0.0011,0.6076,0.9986028111302842,0.9989509062415154,unchanged
gene_0042,57.694,-0.3254,0.6404,0.6113450710806049,0.9989509062415154,unchanged
gene_0043,21.26,0.4522,0.6916,0.5132216716032894,0.9989509062415154,unchanged
gene_0044,57.87,-0.2001,0.6403,0.7546985386576073,0.9989509062415154,unchanged
gene_0045,304.748,0.3647,0.5713,0.523191798149645,0.9989509062415154,unchanged
gene_0046,8.861,-0.2678,0.7355,0.7157672689044247,0.9989509062415154,unchanged
gene_0047,9.441,0.0552,0.7326,0.939977247929487,0.9989509062415154,unchanged
gene_0048,30.426,-0.5102,0.6728,0.4482646529386386,0.9989509062415154,unchanged
gene_0049,64.502,2.3429,0.6351,0.00022480992840700914,0.0119766588474239,up
gene_0050,35.86,0.1108,0.6643,0.8674866355864126,0.9989509062415154,unchanged
gene_0051,148.937,-0.4748,0.5981,0.42728692383627953,0.9989509062415154,unchanged
gene_0052,260.094,0.2229,0.5768,0.6992498485973511,0.9989509062415154,unchanged
gene_0053,94.487,-0.5521,0.6174,0.37124938483193526,0.9989509062415154,unchanged
gene_0054,134.362,0.0336,0.6023,0.9554616091007104,0.9989509062415154,unchanged
gene_0055,93.702,2.0722,0.6178,0.0007961954260116822,0.025822554357135638,up
gene_0056,67.484,0.2974,0.6329,0.638474524003293,0.9989509062415154,unchanged
gene_0057,13.237,0.2386,0.7161,0.7390067658008472,0.9989509062415154,unchanged
gene_0058,18.449,0.1027,0.699,0.8832483282779306,0.9989509062415154,unchanged
gene_0059,12.322,-0.3983,0.7197,0.5799573359413033,0.9989509062415154,unchanged
gene_0060,55.388,0.1106,0.6424,0.8633141558206057,0.9989509062415154,unchanged
gene_0061,89.152,0.1102,0.62,0.8589753066675504,0.9989509062415154,unchanged
gene_0062,10.896,1.5374,0.7257,0.03414632401705952,0.41811825327011654,up
gene_0063,73.021,-0.3642,0.6292,0.5626903387313305,0.9989509062415154,unchanged
gene_0064,22.331,0.1761,0.689,0.7982626178019778,0.9989509062415154,unchanged
gene_0065,17.523,-0.2689,0.7017,0.7015284316812773,0.9989509062415154,unchanged
gene_0066,30.518,-0.0235,0.6726,0.9721785438186588,0.9989509062415154,unchanged
gene_0067,16.435,-0.4576,0.7051,0.5163419693698347,0.9989509062415154,unchanged
gene_0068,142.355,0.5223,0.5999,0.3839970483912245,0.9989509062415154,unchanged
gene_0069,54.055,-0.3721,0.6436,0.5631521310908392,0.9989509062415154,unchanged
gene_0070,184.753,0.1176,0.5896,0.8418588828590254,0.9989509062415154,unchanged
gene_0071,38.307,-0.2051,0.6609,0.7563505521145798,0.9989509062415154,unchanged
gene_0072,40.161,-0.072,0.6585,0.9129309498743478,0.9989509062415154,unchanged
gene_0073,693.484,0.21,0.5452,0.7001390638412595,0.9989509062415154,unchanged
gene_0074,8.769,-0.1716,0.736,0.8156140990606364,0.9989509062415154,unchanged
gene_0075,332.155,0.4087,0.5683,0.47209910820212286,0.9989509062415154,unchanged
gene_0076,527.503,0.0654,0.5534,0.9059561349125682,0.9989509062415154,unchanged
gene_0077,173.69,0.1987,0.592,0.7371087574042146,0.9989509062415154,unchanged
gene_0078,44.12,1.1732,0.6537,0.07271313129376406,0.7860879058785304,up
gene_0079,396.877,0.0899,0.5624,0.8729363315343832,0.9989509062415154,unchanged
gene_0080,44.603,0.223,0.6532,0.7328384191238839,0.9989509062415154,unchanged
gene_0081,27.599,0.2654,0.6779,0.6954089681597486,0.9989509062415154,unchanged
gene_0082,41.045,0.1304,0.6574,0.8427305276769372,0.9989509062415154,unchanged
gene_0083,32.696,-0.1388,0.6691,0.8356294263806439,0.9989509062415154,unchanged
gene_0084,20.424,-0.4419,0.6937,0.5240861408103303,0.9989509062415154,unchanged
gene_0085,267.07,1.0576,0.5759,0.06629014117935589,0.7297997194057528,up
gene_0086,25.36,0.116,0.6823,0.8649647216126848,0.9989509062415154,unchanged
gene_0087,64.26,0.1646,0.6352,0.7955301244591884,0.9989509062415154,unchanged
gene_0088,10.971,-0.4132,0.7254,0.5689763367429763,0.9989509062415154,unchanged
gene_0089,69.305,0.0767,0.6316,0.9033868091698715,0.9989509062415154,unchanged
gene_0090,15.722,-1.6068,0.7073,0.02311268874366731,0.3047827087077008,down
gene_0091,15.247,-0.0533,0.7089,0.940081506084582,0.9989509062415154,unchanged
gene_0092,58.171,-0.5991,0.64,0.3492808540432428,0.9989509062415154,unchanged
gene_0093,249.939,-0.2275,0.5783,0.6939591832515097,0.9989509062415154,unchanged
gene_0094,115.644,-0.1865,0.6086,0.7592992270746636,0.9989509062415154,unchanged
gene_0095,126.015,0.0736,0.605,0.9031369575787058,0.9989509062415154,unchanged
gene_0096,56.69,-0.3432,0.6413,0.5925723828411096,0.9989509062415154,unchanged
gene_0097,43.836,-0.0917,0.654,0.8885117774966746,0.9989509062415154,unchanged
gene_0098,179.276,-0.105,0.5907,0.8589382119425149,0.9989509062415154,unchanged
gene_0099,32.984,-0.282,0.6686,0.673202144477705,0.9989509062415154,unchanged
gene_0100,189.245,-0.2215,0.5887,0.7067160086122144,0.9989509062415154,unchanged
gene_0101,312.603,0.3656,0.5704,0.5214878945774082,0.9989509062415154,unchanged
gene_0102,23.296,-0.0888,0.6868,0.8971349175619043,0.9989509062415154,unchanged
gene_0103,27.993,0.2205,0.6772,0.7447205474183219,0.9989509062415154,unchanged
gene_0104,33.713,0.1885,0.6675,0.7775928320808847,0.9989509062415154,unchanged
gene_0105,10.658,-0.5539,0.7268,0.44599626376542645,0.9989509062415154,unchanged
gene_0106,37.086,-0.1611,0.6625,0.8078458904596648,0.9989509062415154,unchanged
gene_0107,339.275,0.014,0.5676,0.9802848247315981,0.9989509062415154,unchanged
gene_0108,18.048,0.0308,0.7002,0.9648938496770293,0.9989509062415154,unchanged
gene_0109,349.497,-0.2536,0.5666,0.6544402373918327,0.9989509062415154,unchanged
gene_0110,38.791,0.0592,0.6602,0.9285414051383235,0.9989509062415154,unchanged
gene_0111,936.87,0.3126,0.5368,0.5603772806831027,0.9989509062415154,unchanged
gene_0112,28.438,-0.0161,0.6763,0.9809891282867801,0.9989509062415154,unchanged
gene_0113,55.702,2.0523,0.6421,0.0013929342229352416,0.03979812065529262,up
gene_0114,21.376,0.208,0.6913,0.763555750027819,0.9989509062415154,unchanged
gene_0115,28.23,0.1957,0.6767,0.7724662525806495,0.9989509062415154,unchanged
gene_0116,355.215,-0.0585,0.566,0.917638476772765,0.9989509062415154,unchanged
gene_0117,120.683,0.1476,0.6068,0.8078498236943282,0.9989509062415154,unchanged
gene_0118,241.295,0.3152,0.5796,0.5865212909780982,0.9989509062415154,unchanged
gene_0119,12.878,-0.0821,0.7175,0.9088912775316746,0.9989509062415154,unchanged
gene_0120,151.19,-1.3201,0.5975,0.02715279204043346,0.34663138775021435,down
gene_0121,19.8,-0.6629,0.6953,0.3404112147229158,0.9989509062415154,down
gene_0122,12.533,0.0327,0.7188,0.9636928795832467,0.9989509062415154,unchanged
gene_0123,89.878,0.0869,0.6197,0.8885070266960313,0.9989509062415154,unchanged
gene_0124,88.737,0.1329,0.6203,0.8303778353208875,0.9989509062415154,unchanged
gene_0125,71.285,0.0049,0.6303,0.9938257145222782,0.9989509062415154,unchanged
gene_0126,163.522,-0.2675,0.5944,0.6526644181834949,0.9989509062415154,unchanged
gene_0127,198.732,-1.0503,0.5868,0.07345249198493145,0.786990985552837,down
gene_0128,418.703,0.1283,0.5606,0.8190493864465466,0.9989509062415154,unchanged
gene_0129,15.06,0.3245,0.7095,0.6474410630012095,0.9989509062415154,unchanged
gene_0130,435.947,-2.1185,0.5593,0.000152168188773314,0.009610622448840884,down
gene_0131,701.267,0.4408,0.5449,0.4185839025583147,0.9989509062415154,unchanged
gene_0132,42.191,-0.3347,0.656,0.6099353405819571,0.9989509062415154,unchanged
gene_0133,8.284,0.1583,0.7386,0.8302506084101156,0.9989509062415154,unchanged
gene_0134,11.83,-0.1085,0.7217,0.8805415693208275,0.9989509062415154,unchanged
gene_0135,37.438,-1.3777,0.6621,0.03743696182436695,0.4447955860320826,down
gene_0136,826.894,0.1963,0.5402,0.7163843263351095,0.9989509062415154,unchanged
gene_0137,68.125,-0.2099,0.6325,0.7400313033251156,0.9989509062415154,unchanged
gene_0138,30.831,-0.1767,0.6721,0.7926145597334386,0.9989509062415154,unchanged
gene_0139,28.311,-0.0684,0.6766,0.9195110405801588,0.9989509062415154,unchanged
gene_0140,12.764,-0.1384,0.7179,0.8471462751816791,0.9989509062415154,unchanged
gene_0141,198.983,0.6131,0.5867,0.29602567895257303,0.9989509062415154,unchanged
gene_0142,59.437,-0.0795,0.639,0.9009799959086874,0.9989509062415154,unchanged
gene_0143,920.38,0.0934,0.5373,0.8619616766680174,0.9989509062415154,unchanged
gene_0144,146.242,0.3219,0.5988,0.5908759343774751,0.9989509062415154,unchanged
gene_0145,188.184,-0.1315,0.5889,0.8233362038200174,0.9989509062415154,unchanged
gene_0146,49.273,-0.2312,0.6482,0.7213177483522287,0.9989509062415154,unchanged
gene_0147,17.051,0.4908,0.7031,0.48513974432397966,0.9989509062415154,unchanged
gene_0148,22.377,-0.4314,0.6889,0.5311874872453008,0.9989509062415154,unchanged
gene_0149,12.042,0.1226,0.7208,0.8649922762737488,0.9989509062415154,unchanged
gene_0150,208.095,-0.0245,0.585,0.9666620401250273,0.9989509062415154,unchanged
gene_0151,41.217,-0.0923,0.6572,0.8883149923999097,0.9989509062415154,unchanged
gene_0152,219.341,0.3441,0.5831,0.5551003631655659,0.9989509062415154,unchanged
gene_0153,79.035,-0.298,0.6255,0.6338151439201523,0.9989509062415154,unchanged
gene_0154,46.246,-0.3046,0.6513,0.6400004914835227,0.9989509062415154,unchanged
gene_0155,15.456,-0.1104,0.7082,0.8761126682343009,0.9989509062415154,unchanged
gene_0156,97.226,0.5249,0.6162,0.39427400936483525,0.9989509062415154,unchanged
gene_0157,50.74,1.6113,0.6467,0.012718222377512203,0.19566495965403388,up
gene_0158,205.97,-0.1629,0.5854,0.780769215802213,0.9989509062415154,unchanged
gene_0159,27.269,-0.1745,0.6785,0.7970436271327825,0.9989509062415154,unchanged
gene_0160,144.046,1.7152,0.5995,0.004219572917442564,0.08730150863674271,up
gene_0161,518.562,0.239,0.5539,0.666100022272215,0.9989509062415154,unchanged
gene_0162,93.756,0.173,0.6178,0.7794194434966384,0.9989509062415154,unchanged
gene_0163,177.97,-0.1548,0.591,0.7933230655485487,0.9989509062415154,unchanged
gene_0164,136.301,-0.1738,0.6017,0.7727484977012634,0.9989509062415154,unchanged
gene_0165,715.237,-0.0667,0.5443,0.9024719994131276,0.9989509062415154,unchanged
gene_0166,106.107,-0.0558,0.6123,0.9273602462464401,0.9989509062415154,unchanged
gene_0167,159.964,1.6807,0.5952,0.004750274965183867,0.09500549930367734,up
gene_0168,63.73,-0.028,0.6356,0.9648433254886593,0.9989509062415154,unchanged
gene_0169,25.331,0.3505,0.6824,0.6075529810010225,0.9989509062415154,unchanged
gene_0170,14.728,-0.4487,0.7107,0.527831782385586,0.9989509062415154,unchanged
gene_0171,324.945,0.1903,0.5691,0.7380990520383051,0.9989509062415154,unchanged
gene_0172,18.907,-0.0198,0.6978,0.977378866726336,0.9989509062415154,unchanged
gene_0173,169.411,0.1517,0.593,0.7980500828733714,0.9989509062415154,unchanged
gene_0174,112.171,0.4966,0.6099,0.41555369944732823,0.9989509062415154,unchanged
gene_0175,210.026,-0.2365,0.5847,0.6858031090603578,0.9989509062415154,unchanged
gene_0176,35.044,0.348,0.6655,0.6010419531490354,0.9989509062415154,unchanged
gene_0177,24.818,0.4018,0.6835,0.5566214047643248,0.9989509062415154,unchanged
gene_0178,107.015,-0.1355,0.612,0.8247953592370894,0.9989509062415154,unchanged
gene_0179,46.274,-0.0844,0.6513,0.896887584489935,0.9989509062415154,unchanged
gene_0180,14.314,-0.2217,0.7121,0.7555613047193896,0.9989509062415154,unchanged
gene_0181,752.316,-0.0735,0.5429,0.8922772403969883,0.9989509062415154,unchanged
gene_0182,24.797,-0.0455,0.6835,0.9468801310291963,0.9989509062415154,unchanged
gene_0183,19.259,-0.0761,0.6968,0.9130384107445151,0.9989509062415154,unchanged
gene_0184,49.271,0.3679,0.6482,0.5702704855062246,0.9989509062415154,unchanged
gene_0185,319.282,-0.363,0.5697,0.5239380595014294,0.9989509062415154,unchanged
gene_0186,4.444,-0.2001,0.7636,0.7932566941292296,0.9989509062415154,unchanged
gene_0187,287.826,-0.09,0.5733,0.875224226857118,0.9989509062415154,unchanged
gene_0188,21.342,0.2847,0.6914,0.6805259140132156,0.9989509062415154,unchanged
gene_0189,92.819,-0.322,0.6182,0.6024382006887425,0.9989509062415154,unchanged
gene_0190,28.645,-0.0344,0.676,0.9594030017196704,0.9989509062415154,unchanged
gene_0191,804.239,0.5146,0.541,0.3414663798217141,0.9989509062415154,unchanged
gene_0192,77.927,0.1009,0.6262,0.8720178292161934,0.9989509062415154,unchanged
gene_0193,27.519,-0.0829,0.6781,0.9027231796620052,0.9989509062415154,unchanged
gene_0194,45.77,0.2723,0.6519,0.6761000583360952,0.9989509062415154,unchanged
gene_0195,74.593,0.3639,0.6282,0.5623591672087613,0.9989509062415154,unchanged
gene_0196,83.271,-0.238,0.6231,0.7025044841182302,0.9989509062415154,unchanged
gene_0197,115.406,0.133,0.6087,0.8270209502948966,0.9989509062415154,unchanged
gene_0198,66.569,0.4229,0.6336,0.5044104504341191,0.9989509062415154,unchanged
gene_0199,11.924,0.0182,0.7213,0.9798544551574351,0.9989509062415154,unchanged
gene_0200,43.583,-0.0685,0.6543,0.9165651323545652,0.9989509062415154,unchanged
gene_0201,142.355,0.0615,0.5999,0.9183016260620421,0.9989509062415154,unchanged
gene_0202,28.865,-0.4545,0.6756,0.5011104408659783,0.9989509062415154,unchanged
gene_0203,154.621,-0.5408,0.5966,0.364700870450278,0.9989509062415154,unchanged
gene_0204,69.383,-0.652,0.6316,0.3019447281371245,0.9989509062415154,unchanged
gene_0205,50.796,0.2032,0.6467,0.7533266190742739,0.9989509062415154,unchanged
gene_0206,296.688,-0.2043,0.5722,0.7210715413157083,0.9989509062415154,unchanged
gene_0207,7.594,0.1958,0.7425,0.7919588210878774,0.9989509062415154,unchanged
gene_0208,28.67,0.1324,0.6759,0.8447181691302915,0.9989509062415154,unchanged
gene_0209,311.231,0.1673,0.5705,0.7694077441290499,0.9989509062415154,unchanged
gene_0210,656.919,0.0639,0.5468,0.9069106335236924,0.9989509062415154,unchanged
gene_0211,1161.527,0.073,0.5311,0.890682462626617,0.9989509062415154,unchanged
gene_0212,71.019,-0.0619,0.6305,0.9217572271220938,0.9989509062415154,unchanged
gene_0213,118.199,0.0659,0.6077,0.9136049395233758,0.9989509062415154,unchanged
gene_0214,185.265,-0.4203,0.5895,0.47587259201750887,0.9989509062415154,unchanged
gene_0215,328.273,0.0273,0.5687,0.9616951024939246,0.9989509062415154,unchanged
gene_0216,98.629,-0.0562,0.6155,0.9271951719296871,0.9989509062415154,unchanged
gene_0217,212.233,0.2129,0.5843,0.715611028483653,0.9989509062415154,unchanged
gene_0218,118.477,0.2309,0.6076,0.7038767367033351,0.9989509062415154,unchanged
gene_0219,128.096,0.0741,0.6043,0.9023799691456692,0.9989509062415154,unchanged
gene_0220,21.158,-0.239,0.6919,0.7297393373128802,0.9989509062415154,unchanged
gene_0221,44.189,-0.2761,0.6536,0.6727676600748669,0.9989509062415154,unchanged
gene_0222,34.693,-0.1789,0.666,0.7882759772692715,0.9989509062415154,unchanged
gene_0223,15.088,-0.0187,0.7095,0.9789652242429229,0.9989509062415154,unchanged
gene_0224,8.461,-0.145,0.7376,0.8441584688341904,0.9989509062415154,unchanged
gene_0225,39.27,0.0594,0.6596,0.9282275260019972,0.9989509062415154,unchanged
gene_0226,47.949,-0.0041,0.6495,0.995003771917405,0.9989509062415154,unchanged
gene_0227,76.043,0.4983,0.6273,0.42703389840270534,0.9989509062415154,unchanged
gene_0228,133.576,2.0893,0.6026,0.0005255438389643907,0.021021753558575627,up
gene_0229,84.365,0.4393,0.6225,0.4803958986504294,0.9989509062415154,unchanged
gene_0230,48.369,0.1638,0.6491,0.8008056843458546,0.9989509062415154,unchanged
gene_0231,21.244,0.3149,0.6917,0.6489386123480692,0.9989509062415154,unchanged
gene_0232,199.604,-0.0177,0.5866,0.9759514678179542,0.9989509062415154,unchanged
gene_0233,58.717,-0.1762,0.6396,0.7829230052230608,0.9989509062415154,unchanged
gene_0234,38.774,-0.0886,0.6603,0.8932933933998031,0.9989509062415154,unchanged
gene_0235,52.822,0.2484,0.6447,0.7000887859758472,0.9989509062415154,unchanged
gene_0236,26.684,-0.0818,0.6797,0.9041824987496361,0.9989509062415154,unchanged
gene_0237,34.352,0.1834,0.6665,0.7831666454712227,0.9989509062415154,unchanged
gene_0238,33.014,0.1055,0.6686,0.8745957176326149,0.9989509062415154,unchanged
gene_0239,46.564,-0.0757,0.651,0.9074857016009904,0.9989509062415154,unchanged
gene_0240,151.365,-0.4368,0.5975,0.4646812430978101,0.9989509062415154,unchanged
gene_0241,110.929,2.1913,0.6104,0.0003309255311008419,0.014867476992879458,up
gene_0242,461.011,-0.1584,0.5576,0.7763137291903246,0.9989509062415154,unchanged
gene_0243,303.281,-0.1252,0.5714,0.8265126940891279,0.9989509062415154,unchanged
gene_0244,769.336,-0.0856,0.5422,0.8745696690755651,0.9989509062415154,unchanged
gene_0245,134.149,0.1989,0.6024,0.7412393808838387,0.9989509062415154,unchanged
gene_0246,131.484,1.9057,0.6032,0.0015823209176906358,0.04237266993079546,up
gene_0247,36.261,-0.2798,0.6637,0.6733504486392201,0.9989509062415154,unchanged
gene_0248,187.264,-0.3123,0.5891,0.5960084222192166,0.9989509062415154,unchanged
gene_0249,29.366,1.6871,0.6747,0.012394020618348416,0.19343761362795192,up
gene_0250,10.611,0.2416,0.727,0.7396534561527164,0.9989509062415154,unchanged
gene_0251,449.396,2.1994,0.5584,8.1869635609372e-05,0.009100239715752832,up
gene_0252,13.993,0.2634,0.7133,0.7119669226053478,0.9989509062415154,unchanged
gene_0253,115.419,0.1133,0.6087,0.8523112686277126,0.9989509062415154,unchanged
gene_0254,22.189,0.5362,0.6894,0.4367148338946799,0.9989509062415154,unchanged
gene_0255,272.69,-0.0088,0.5752,0.9878342831848603,0.9989509062415154,unchanged
gene_0256,323.335,0.3948,0.5692,0.4879762015111041,0.9989509062415154,unchanged
gene_0257,129.214,0.2414,0.6039,0.6893331203643398,0.9989509062415154,unchanged
gene_0258,316.7,0.0709,0.5699,0.9010614090993576,0.9989509062415154,unchanged
gene_0259,67.301,0.2547,0.633,0.687404625744872,0.9989509062415154,unchanged
gene_0260,1088.677,-0.1671,0.5327,0.7537655014174707,0.9989509062415154,unchanged
gene_0261,169.475,-0.3035,0.5929,0.608806688722427,0.9989509062415154,unchanged
gene_0262,21.635,-2.0459,0.6907,0.0030550623171001737,0.06665590510036742,down
gene_0263,72.749,-0.4385,0.6294,0.4859743607457112,0.9989509062415154,unchanged
gene_0264,55.112,0.2497,0.6427,0.6975658865724641,0.9989509062415154,unchanged
gene_0265,48.763,0.244,0.6487,0.7067854283439843,0.9989509062415154,unchanged
gene_0266,8.403,0.0217,0.7379,0.976570747303914,0.9989509062415154,unchanged
gene_0267,108.157,-0.0425,0.6115,0.9445566472107096,0.9989509062415154,unchanged
gene_0268,11.797,0.582,0.7219,0.4200767294798615,0.9989509062415154,unchanged
gene_0269,2.838,1.9244,0.7774,0.013305823328492705,0.2021137720783702,up
gene_0270,43.379,0.3003,0.6546,0.6463882842443448,0.9989509062415154,unchanged
gene_0271,25.923,0.0484,0.6812,0.9433219715523158,0.9989509062415154,unchanged
gene_0272,22.716,0.0807,0.6881,0.9066346098628104,0.9989509062415154,unchanged
gene_0273,1.379,0.1148,0.7925,0.8847926906262009,0.9989509062415154,unchanged
gene_0274,23.022,0.1493,0.6874,0.828025952302875,0.9989509062415154,unchanged
gene_0275,53.675,0.0915,0.6439,0.8870043380386846,0.9989509062415154,unchanged
gene_0276,30.184,0.1777,0.6732,0.7917945926180621,0.9989509062415154,unchanged
gene_0277,108.221,-0.4895,0.6115,0.42341316746182356,0.9989509062415154,unchanged
gene_0278,380.249,0.5005,0.5638,0.37468917783860056,0.9989509062415154,unchanged
gene_0279,127.162,-0.0679,0.6046,0.9106054196626641,0.9989509062415154,unchanged
gene_0280,240.566,0.0931,0.5797,0.8724019010869155,0.9989509062415154,unchanged
gene_0281,266.776,0.44,0.5759,0.4448935657260581,0.9989509062415154,unchanged
gene_0282,18.661,-0.4041,0.6984,0.5628923875928784,0.9989509062415154,unchanged
gene_0283,115.456,-0.0966,0.6087,0.873912926960665,0.9989509062415154,unchanged
gene_0284,231.353,0.2272,0.5811,0.6957592814207183,0.9989509062415154,unchanged
gene_0285,38.669,0.2771,0.6604,0.674807708934464,0.9989509062415154,unchanged
gene_0286,24.822,-0.5555,0.6835,0.4163746757232659,0.9989509062415154,unchanged
gene_0287,129.413,-0.0612,0.6039,0.9192813502349793,0.9989509062415154,unchanged
gene_0288,10.464,-2.1868,0.7277,0.0026547865348024386,0.06246556552476326,down
gene_0289,17.116,-0.2609,0.7029,0.7104849854219366,0.9989509062415154,unchanged
gene_0290,28.979,0.2756,0.6753,0.6831740434298041,0.9989509062415154,unchanged
gene_0291,117.113,-0.1756,0.6081,0.7728088949161914,0.9989509062415154,unchanged
gene_0292,87.675,-1.8402,0.6208,0.003034393293660773,0.06665590510036742,down
gene_0293,242.37,-0.1833,0.5794,0.7517649346597091,0.9989509062415154,unchanged
gene_0294,21.066,0.2389,0.6921,0.7299592231254012,0.9989509062415154,unchanged
gene_0295,19.701,0.309,0.6956,0.6569369423127341,0.9989509062415154,unchanged
gene_0296,128.367,-0.587,0.6042,0.33128526407209047,0.9989509062415154,unchanged
gene_0297,24.573,-0.0312,0.684,0.9636574818938403,0.9989509062415154,unchanged
gene_0298,31.363,0.0072,0.6712,0.9914493522613622,0.9989509062415154,unchanged
gene_0299,6.547,2.1289,0.7488,0.004468124874813493,0.09087711609790154,up
gene_0300,95.924,0.103,0.6168,0.8673901372092219,0.9989509062415154,unchanged
gene_0301,457.883,0.3082,0.5578,0.5806230221739825,0.9989509062415154,unchanged
gene_0302,18.419,-0.2061,0.6991,0.7681856629892941,0.9989509062415154,unchanged
gene_0303,239.159,-0.1399,0.5799,0.8092982640113019,0.9989509062415154,unchanged
gene_0304,61.914,0.0542,0.637,0.9321773135519311,0.9989509062415154,unchanged
gene_0305,7.339,-0.0479,0.7439,0.9486413226810635,0.9989509062415154,unchanged
gene_0306,21.793,0.5814,0.6903,0.3996610216771951,0.9989509062415154,unchanged
gene_0307,20.174,0.0219,0.6944,0.9748754061624824,0.9989509062415154,unchanged
gene_0308,44.896,-0.3285,0.6528,0.6148446860931545,0.9989509062415154,unchanged
gene_0309,112.662,-0.0921,0.6098,0.879888738778893,0.9989509062415154,unchanged
gene_0310,672.602,0.3459,0.5461,0.5265068685559684,0.9989509062415154,unchanged
gene_0311,11.146,2.1596,0.7246,0.002880022521413681,0.0663719845140278,up
gene_0312,36.38,0.0638,0.6635,0.9234585500834293,0.9989509062415154,unchanged
gene_0313,21.759,0.0165,0.6904,0.9809407889816258,0.9989509062415154,unchanged
gene_0314,13.668,-1.7298,0.7145,0.0154752514618497,0.22646709456365413,down
gene_0315,75.137,-0.2871,0.6279,0.6474308306614502,0.9989509062415154,unchanged
gene_0316,66.81,-0.1188,0.6334,0.8511571410654994,0.9989509062415154,unchanged
gene_0317,6.908,0.0598,0.7465,0.9361524348527474,0.9989509062415154,unchanged
gene_0318,68.217,0.0559,0.6324,0.929608758741901,0.9989509062415154,unchanged
gene_0319,14.78,-1.8718,0.7105,0.008428222034160776,0.14657777450714393,down
gene_0320,67.68,0.4512,0.6328,0.47581912915966973,0.9989509062415154,unchanged
gene_0321,325.991,0.1865,0.5689,0.7430476349020727,0.9989509062415154,unchanged
gene_0322,118.966,-0.0592,0.6074,0.9223981243864747,0.9989509062415154,unchanged
gene_0323,83.254,-0.0296,0.6231,0.9621532955342521,0.9989509062415154,unchanged
gene_0324,34.434,-0.6847,0.6664,0.30419863058909424,0.9989509062415154,unchanged
gene_0325,72.5,0.1681,0.6295,0.7894539144633732,0.9989509062415154,unchanged
gene_0326,134.837,0.3686,0.6022,0.5404232872931392,0.9989509062415154,unchanged
gene_0327,119.129,0.4328,0.6074,0.476069630089649,0.9989509062415154,unchanged
gene_0328,58.908,0.2695,0.6394,0.6734227900335363,0.9989509062415154,unchanged
gene_0329,87.507,0.0869,0.6209,0.888744671378793,0.9989509062415154,unchanged
gene_0330,12.862,-0.5266,0.7176,0.46299724597696257,0.9989509062415154,unchanged
gene_0331,26.631,-0.1356,0.6798,0.8418757628269757,0.9989509062415154,unchanged
gene_0332,161.491,-0.2253,0.5949,0.7048678546178607,0.9989509062415154,unchanged
gene_0333,191.051,0.1075,0.5883,0.8549435318905005,0.9989509062415154,unchanged
gene_0334,74.963,0.5294,0.628,0.3992124673082784,0.9989509062415154,unchanged
gene_0335,423.565,-0.3948,0.5603,0.4810520754329515,0.9989509062415154,unchanged
gene_0336,125.842,-0.0413,0.6051,0.9456257809608565,0.9989509062415154,unchanged
gene_0337,49.829,-0.2535,0.6476,0.6955152703817228,0.9989509062415154,unchanged
gene_0338,14.517,0.2717,0.7114,0.702482159930191,0.9989509062415154,unchanged
gene_0339,402.79,-0.3299,0.5619,0.5571062294305669,0.9989509062415154,unchanged
gene_0340,174.67,-2.5473,0.5918,1.6724648284427996e-05,0.005017394485328399,down
gene_0341,631.368,-0.1419,0.548,0.7956238498041222,0.9989509062415154,unchanged
gene_0342,1000.804,-0.4736,0.535,0.37601662390083923,0.9989509062415154,unchanged
gene_0343,13.347,-0.0474,0.7157,0.9472029534519808,0.9989509062415154,unchanged
gene_0344,13.391,0.1264,0.7155,0.8597696259522968,0.9989509062415154,unchanged
gene_0345,1.861,-1.5217,0.7872,0.05322532455143761,0.5969195276796742,down
gene_0346,210.178,-0.0998,0.5847,0.8643960939813421,0.9989509062415154,unchanged
gene_0347,151.503,0.119,0.5974,0.8421643731278122,0.9989509062415154,unchanged
gene_0348,75.356,0.0688,0.6277,0.9126927402216438,0.9989509062415154,unchanged
gene_0349,14.402,-0.4184,0.7118,0.5566529137101361,0.9989509062415154,unchanged
gene_0350,59.663,0.201,0.6388,0.7530490649412335,0.9989509062415154,unchanged
gene_0351,84.005,0.4604,0.6227,0.45969106744523647,0.9989509062415154,unchanged
gene_0352,177.4,-0.1713,0.5912,0.7720456594646631,0.9989509062415154,unchanged
gene_0353,93.806,-1.445,0.6178,0.01933364757938448,0.26667100109495834,down
gene_0354,152.895,-0.1617,0.597,0.7865715428120763,0.9989509062415154,unchanged
gene_0355,57.102,-0.2659,0.6409,0.6782882936103976,0.9989509062415154,unchanged
gene_0356,292.029,1.9653,0.5727,0.0006005678739786329,0.022443520326852397,up
gene_0357,146.887,0.4285,0.5987,0.4741470983420798,0.9989509062415154,unchanged
gene_0358,15.125,-0.0589,0.7093,0.9338301356106845,0.9989509062415154,unchanged
gene_0359,378.617,0.0774,0.5639,0.89077378474668,0.9989509062415154,unchanged
gene_0360,308.575,-0.0214,0.5708,0.9701441869467817,0.9989509062415154,unchanged
gene_0361,119.324,-0.5677,0.6073,0.3498904489944261,0.9989509062415154,unchanged
gene_0362,94.717,-0.0044,0.6173,0.994295250502466,0.9989509062415154,unchanged
gene_0363,530.205,1.8161,0.5532,0.0010275143191077686,0.03161582520331596,up
gene_0364,8.657,-0.1592,0.7366,0.8288503075836171,0.9989509062415154,unchanged
gene_0365,314.672,0.041,0.5702,0.9426830930638808,0.9989509062415154,unchanged
gene_0366,36.772,-0.2634,0.663,0.6911012383460691,0.9989509062415154,unchanged
gene_0367,262.164,-0.1734,0.5766,0.7636192709578706,0.9989509062415154,unchanged
gene_0368,77.515,-0.2112,0.6264,0.7360550211108086,0.9989509062415154,unchanged
gene_0369,14.102,0.0367,0.7129,0.9589480604739532,0.9989509062415154,unchanged
gene_0370,35.85,0.1525,0.6643,0.8184498226192991,0.9989509062415154,unchanged
gene_0371,239.167,-0.0286,0.5799,0.9606333209117333,0.9989509062415154,unchanged
gene_0372,51.277,0.0643,0.6462,0.9207603101145607,0.9989509062415154,unchanged
gene_0373,30.666,-0.2993,0.6724,0.6562520423394214,0.9989509062415154,unchanged
gene_0374,30.41,0.2111,0.6728,0.7537448721037354,0.9989509062415154,unchanged
gene_0375,148.831,0.5222,0.5981,0.38260576916303357,0.9989509062415154,unchanged
gene_0376,594.841,-0.2083,0.5497,0.7047685331649949,0.9989509062415154,unchanged
gene_0377,4.59,-0.2464,0.7625,0.7465273211092042,0.9989509062415154,unchanged
gene_0378,2210.238,-2.0046,0.5153,0.0001002779218135409,0.00925642355201916,down
gene_0379,86.029,0.1329,0.6217,0.8306847038646452,0.9989509062415154,unchanged
gene_0380,137.728,0.0533,0.6013,0.9293269581563673,0.9989509062415154,unchanged
gene_0381,38.655,0.1611,0.6604,0.807226607855603,0.9989509062415154,unchanged
gene_0382,66.394,-0.0026,0.6337,0.9967069610594799,0.9989509062415154,unchanged
gene_0383,84.829,-0.5186,0.6223,0.4046378438613625,0.9989509062415154,unchanged
gene_0384,17.969,-0.0054,0.7004,0.993847119099979,0.9989509062415154,unchanged
gene_0385,24.359,0.1898,0.6845,0.7816026049019893,0.9989509062415154,unchanged
gene_0386,293.157,0.0395,0.5726,0.9449655017162585,0.9989509062415154,unchanged
gene_0387,9.579,2.7939,0.7319,0.00013492832817792527,0.009524352577265313,up
gene_0388,115.735,0.3483,0.6086,0.5671517263473184,0.9989509062415154,unchanged
gene_0389,41.966,-0.3353,0.6562,0.6094418293982102,0.9989509062415154,unchanged
gene_0390,20.068,0.2618,0.6946,0.7062223562410748,0.9989509062415154,unchanged
gene_0391,784.397,0.0169,0.5417,0.9751651591153735,0.9989509062415154,unchanged
gene_0392,20.224,-0.1881,0.6942,0.7864850695289357,0.9989509062415154,unchanged
gene_0393,16.238,0.1234,0.7057,0.8612228374668788,0.9989509062415154,unchanged
gene_0394,52.788,-0.5744,0.6448,0.3729692848823667,0.9989509062415154,unchanged
gene_0395,25.516,0.3122,0.682,0.6470902888583931,0.9989509062415154,unchanged
gene_0396,67.22,0.0362,0.6331,0.9544382620510214,0.9989509062415154,unchanged
gene_0397,80.984,0.1501,0.6244,0.8100029135631824,0.9989509062415154,unchanged
gene_0398,89.418,0.3475,0.6199,0.5750512499981734,0.9989509062415154,unchanged
gene_0399,57.119,-0.356,0.6409,0.5785814913055201,0.9989509062415154,unchanged
gene_0400,27.724,0.0632,0.6777,0.9256559401747193,0.9989509062415154,unchanged
gene_0401,149.046,0.0981,0.5981,0.8697400620786166,0.9989509062415154,unchanged
gene_0402,57.997,0.2728,0.6402,0.6699833428249877,0.9989509062415154,unchanged
gene_0403,35.891,-2.2905,0.6642,0.0005642108762204179,0.021840421014983923,down
gene_0404,424.11,0.2501,0.5602,0.6552360569605442,0.9989509062415154,unchanged
gene_0405,57.303,-0.1956,0.6408,0.7601217446861003,0.9989509062415154,unchanged
gene_0406,261.121,0.1401,0.5767,0.808122241035722,0.9989509062415154,unchanged
gene_0407,309.064,-0.0402,0.5708,0.9439120581328484,0.9989509062415154,unchanged
gene_0408,333.483,-1.7918,0.5682,0.0016130191753256453,0.04237266993079546,down
gene_0409,158.214,-1.3821,0.5957,0.020325316916853225,0.274049216856448,down
gene_0410,66.634,-0.045,0.6335,0.943348773010745,0.9989509062415154,unchanged
gene_0411,61.556,-0.1842,0.6373,0.7725031226970681,0.9989509062415154,unchanged
gene_0412,49.149,0.1153,0.6483,0.8588330094564258,0.9989509062415154,unchanged
gene_0413,4.443,-0.0723,0.7636,0.9245465226053258,0.9989509062415154,unchanged
gene_0414,163.777,0.3887,0.5943,0.513119598749471,0.9989509062415154,unchanged
gene_0415,90.521,-0.1679,0.6194,0.7863841710630947,0.9989509062415154,unchanged
gene_0416,187.149,-0.2569,0.5891,0.6627276839196359,0.9989509062415154,unchanged
gene_0417,57.613,1.494,0.6405,0.019669077341414903,0.2682146910192941,up
gene_0418,153.091,0.3644,0.597,0.541642769009222,0.9989509062415154,unchanged
gene_0419,11.919,0.0329,0.7213,0.9635815887104179,0.9989509062415154,unchanged
gene_0420,15.463,-0.1321,0.7082,0.8520567294562646,0.9989509062415154,unchanged
gene_0421,3.018,0.4348,0.7757,0.575131347863749,0.9989509062415154,unchanged
gene_0422,56.377,0.3122,0.6415,0.6265205858747702,0.9989509062415154,unchanged
gene_0423,25.39,0.0539,0.6823,0.9370062914863572,0.9989509062415154,unchanged
gene_0424,21.559,-0.2071,0.6909,0.7643736024949158,0.9989509062415154,unchanged
gene_0425,101.323,0.0683,0.6144,0.9114296320069288,0.9989509062415154,unchanged
gene_0426,39.178,-0.1321,0.6597,0.8413098432315185,0.9989509062415154,unchanged
gene_0427,11.119,-0.0346,0.7248,0.9619718169519819,0.9989509062415154,unchanged
gene_0428,1605.127,2.0131,0.5229,0.00011817794782673244,0.009454235826138597,up
gene_0429,63.671,-0.3022,0.6357,0.6344794390729447,0.9989509062415154,unchanged
gene_0430,17.22,0.1045,0.7026,0.8818094401803125,0.9989509062415154,unchanged
gene_0431,28.867,0.1824,0.6756,0.7871129347970018,0.9989509062415154,unchanged
gene_0432,53.709,0.0111,0.6439,0.9862164841309157,0.9989509062415154,unchanged
gene_0433,53.568,-0.0143,0.644,0.9822391668846507,0.9989509062415154,unchanged
gene_0434,339.579,1.2324,0.5676,0.02990652275115319,0.3699776010451941,up
gene_0435,60.383,-1.5625,0.6382,0.014354090981637103,0.2146315565483962,down
gene_0436,677.907,0.1209,0.5459,0.8247459290602552,0.9989509062415154,unchanged
gene_0437,38.841,0.0834,0.6602,0.8995238250495914,0.9989509062415154,unchanged
gene_0438,113.641,0.1119,0.6094,0.854282675567995,0.9989509062415154,unchanged
gene_0439,239.242,0.4014,0.5799,0.4887777647388484,0.9989509062415154,unchanged
gene_0440,297.062,-0.3286,0.5722,0.5656960412970029,0.9989509062415154,unchanged
gene_0441,343.724,0.0497,0.5672,0.9301389567539414,0.9989509062415154,unchanged
gene_0442,47.465,1.8893,0.65,0.00365646019267726,0.07835271841451272,up
gene_0443,66.23,-1.504,0.6338,0.017647176108979427,0.24623966663692223,down
gene_0444,3.006,-0.1452,0.7758,0.8515336995834214,0.9989509062415154,unchanged
gene_0445,52.195,-0.0494,0.6453,0.9389787804754185,0.9989509062415154,unchanged
gene_0446,260.882,-1.7603,0.5767,0.002271984461039721,0.05679961152599303,down
gene_0447,204.598,0.4616,0.5857,0.4306420388211899,0.9989509062415154,unchanged
gene_0448,59.853,-0.3285,0.6386,0.6069751402443125,0.9989509062415154,unchanged
gene_0449,557.758,-0.0094,0.5517,0.9863981565196022,0.9989509062415154,unchanged
gene_0450,41.264,0.3064,0.6571,0.6409863490520423,0.9989509062415154,unchanged
gene_0451,27.244,0.0252,0.6786,0.9703348835204542,0.9989509062415154,unchanged
gene_0452,37.144,0.2582,0.6625,0.6967467691306812,0.9989509062415154,unchanged
gene_0453,16.394,-0.1954,0.7052,0.7816919030679238,0.9989509062415154,unchanged
gene_0454,145.183,-0.414,0.5991,0.489569620543463,0.9989509062415154,unchanged
gene_0455,95.641,0.2057,0.6169,0.7388639261729282,0.9989509062415154,unchanged
gene_0456,142.947,0.213,0.5998,0.7224811222617551,0.9989509062415154,unchanged
gene_0457,39.727,0.4883,0.659,0.458685335144017,0.9989509062415154,unchanged
gene_0458,62.017,0.3134,0.6369,0.6227328367997433,0.9989509062415154,unchanged
gene_0459,4.38,0.0239,0.7641,0.9750746037484348,0.9989509062415154,unchanged
gene_0460,106.728,1.8408,0.6121,0.002635409281977324,0.06246556552476326,up
gene_0461,75.456,-0.2272,0.6277,0.7173506188834011,0.9989509062415154,unchanged
gene_0462,16.85,0.4375,0.7038,0.534163592851382,0.9989509062415154,unchanged
gene_0463,58.509,0.2054,0.6397,0.7481854424351724,0.9989509062415154,unchanged
gene_0464,48.312,0.1894,0.6492,0.7705067853621603,0.9989509062415154,unchanged
gene_0465,605.098,0.2345,0.5492,0.6694045594511995,0.9989509062415154,unchanged
gene_0466,17.7,0.2794,0.7012,0.6902827271348091,0.9989509062415154,unchanged
gene_0467,100.915,2.2435,0.6145,0.0002615480902485667,0.013077404512428337,up
gene_0468,17.057,-0.0987,0.7031,0.8883932224831563,0.9989509062415154,unchanged
gene_0469,33.204,-0.0463,0.6683,0.9447692289020623,0.9989509062415154,unchanged
gene_0470,94.257,2.3431,0.6176,0.0001481024744658412,0.009610622448840884,up
gene_0471,51.203,-0.2496,0.6463,0.6992951590683523,0.9989509062415154,unchanged
gene_0472,66.189,-0.3899,0.6338,0.5384697229447326,0.9989509062415154,unchanged
gene_0473,101.079,-0.574,0.6145,0.3502494892654803,0.9989509062415154,unchanged
gene_0474,35.977,0.0518,0.6641,0.9377775875585462,0.9989509062415154,unchanged
gene_0475,201.378,0.0771,0.5863,0.895344382163723,0.9989509062415154,unchanged
gene_0476,45.52,0.1688,0.6521,0.7957224433108983,0.9989509062415154,unchanged
gene_0477,59.031,2.153,0.6393,0.0007581770895633853,0.025822554357135638,up
gene_0478,104.757,0.1325,0.6129,0.8288484532534937,0.9989509062415154,unchanged
gene_0479,88.566,0.2572,0.6203,0.6783968550980743,0.9989509062415154,unchanged
gene_0480,149.2,-0.29,0.598,0.6277063704980796,0.9989509062415154,unchanged
gene_0481,99.108,-0.3184,0.6153,0.6047909941163746,0.9989509062415154,unchanged
gene_0482,119.856,-0.0457,0.6071,0.9400328637353708,0.9989509062415154,unchanged
gene_0483,44.402,0.4283,0.6534,0.5121560915706709,0.9989509062415154,unchanged
gene_0484,17.532,0.2914,0.7017,0.6779196358472118,0.9989509062415154,unchanged
gene_0485,11.195,0.1832,0.7244,0.8003834125921956,0.9989509062415154,unchanged
gene_0486,8.262,-2.6498,0.7387,0.00033451823233978783,0.014867476992879458,down
gene_0487,603.9,0.1227,0.5493,0.8231702107619268,0.9989509062415154,unchanged
gene_0488,4.196,0.2767,0.7656,0.7177859780489403,0.9989509062415154,unchanged
gene_0489,296.532,-0.0799,0.5722,0.8889445351875632,0.9989509062415154,unchanged
gene_0490,23.901,0.2641,0.6855,0.699995079512578,0.9989509062415154,unchanged
gene_0491,293.845,0.3588,0.5725,0.5308958927948183,0.9989509062415154,unchanged
gene_0492,4.25,-0.0758,0.7651,0.9210906529967304,0.9989509062415154,unchanged
gene_0493,49.706,0.0624,0.6477,0.9232012754213056,0.9989509062415154,unchanged
gene_0494,410.563,0.3776,0.5613,0.501110530600338,0.9989509062415154,unchanged
gene_0495,162.636,-0.117,0.5946,0.8440423412630471,0.9989509062415154,unchanged
gene_0496,43.747,0.2974,0.6541,0.6493505431933309,0.9989509062415154,unchanged
gene_0497,5.878,-0.6027,0.7532,0.4235933141958649,0.9989509062415154,unchanged
gene_0498,12.767,0.0663,0.7179,0.9264048415545006,0.9989509062415154,unchanged
gene_0499,378.582,2.2069,0.5639,9.100239715752832e-05,0.009100239715752832,up
gene_0500,43.151,-0.1423,0.6548,0.8279573281947485,0.9989509062415154,unchanged
gene_0501,60.96,-0.3534,0.6378,0.5794542782233709,0.9989509062415154,unchanged
gene_0502,95.052,-0.3811,0.6172,0.5368947739702177,0.9989509062415154,unchanged
gene_0503,13.085,0.1382,0.7167,0.8471373272377896,0.9989509062415154,unchanged
gene_0504,110.954,0.0395,0.6104,0.9483611444213514,0.9989509062415154,unchanged
gene_0505,39.468,0.205,0.6594,0.755899631166552,0.9989509062415154,unchanged
gene_0506,96.267,-0.0067,0.6166,0.9913205124232058,0.9989509062415154,unchanged
gene_0507,32.377,0.1616,0.6696,0.8093184747895107,0.9989509062415154,unchanged
gene_0508,9.333,-0.3381,0.7331,0.6446784055481458,0.9989509062415154,unchanged
gene_0509,39.087,0.0944,0.6599,0.8862254081145823,0.9989509062415154,unchanged
gene_0510,148.557,-0.5005,0.5982,0.40277700949577055,0.9989509062415154,unchanged
gene_0511,109.134,0.5523,0.6111,0.36609563041148074,0.9989509062415154,unchanged
gene_0512,69.315,-0.0088,0.6316,0.9888348176464511,0.9989509062415154,unchanged
gene_0513,204.929,-0.6893,0.5856,0.2391590942114994,0.9989509062415154,unchanged
gene_0514,51.703,-0.2865,0.6458,0.6572713682957196,0.9989509062415154,unchanged
gene_0515,71.546,2.1576,0.6302,0.0006171968089884409,0.022443520326852397,up
gene_0516,36.609,-0.0836,0.6632,0.8996331593162137,0.9989509062415154,unchanged
gene_0517,220.472,-1.6363,0.5829,0.004997510798345801,0.09672601545185422,down
gene_0518,96.006,-0.3242,0.6167,0.5991713908903555,0.9989509062415154,unchanged
gene_0519,33.242,0.0092,0.6682,0.9889908082846177,0.9989509062415154,unchanged
gene_0520,10.368,-0.1291,0.7281,0.859259397189837,0.9989509062415154,unchanged
gene_0521,265.39,-0.1523,0.5761,0.7915459227517743,0.9989509062415154,unchanged
gene_0522,26.309,0.5004,0.6804,0.46209482837800264,0.9989509062415154,unchanged
gene_0523,72.972,-0.0895,0.6292,0.8868910550450753,0.9989509062415154,unchanged
gene_0524,1262.374,0.0271,0.5289,0.9590856942302355,0.9989509062415154,unchanged
gene_0525,181.615,-0.0506,0.5902,0.9317265997448323,0.9989509062415154,unchanged
gene_0526,499.665,0.2782,0.555,0.6162118531072261,0.9989509062415154,unchanged
gene_0527,34.033,0.2141,0.667,0.7481635730162084,0.9989509062415154,unchanged
gene_0528,254.352,-0.0058,0.5776,0.9919993066096614,0.9989509062415154,unchanged
gene_0529,68.947,-0.1325,0.6319,0.8339037765783753,0.9989509062415154,unchanged
gene_0530,105.375,-0.258,0.6126,0.6736614083469388,0.9989509062415154,unchanged
gene_0531,833.849,-0.0587,0.54,0.9134070137951925,0.9989509062415154,unchanged
gene_0532,47.073,0.4863,0.6505,0.4546519530775015,0.9989509062415154,unchanged
gene_0533,68.311,-0.1763,0.6323,0.7803918871426536,0.9989509062415154,unchanged
gene_0534,21.563,2.5675,0.6909,0.00020214982884825852,0.011551418791329057,up
gene_0535,202.469,-0.0029,0.5861,0.9960206228535312,0.9989509062415154,unchanged
gene_0536,33.09,0.3677,0.6684,0.5822769030589768,0.9989509062415154,unchanged
gene_0537,239.46,0.4105,0.5798,0.4789642997298815,0.9989509062415154,unchanged
gene_0538,8.479,1.9045,0.7375,0.009817271316870673,0.16362118861451122,up
gene_0539,132.396,-0.1893,0.6029,0.7535939464380305,0.9989509062415154,unchanged
gene_0540,29.826,1.7868,0.6738,0.00801005539251804,0.1413539186914948,up
gene_0541,166.193,-0.1187,0.5937,0.8414836607633597,0.9989509062415154,unchanged
gene_0542,65.566,0.1194,0.6343,0.8506346049612459,0.9989509062415154,unchanged
gene_0543,34.152,-0.3053,0.6668,0.6470504553296368,0.9989509062415154,unchanged
gene_0544,41.133,0.1664,0.6573,0.8000787618162845,0.9989509062415154,unchanged
gene_0545,23.035,0.0331,0.6874,0.9615828911748613,0.9989509062415154,unchanged
gene_0546,190.04,0.3079,0.5885,0.6007774958000867,0.9989509062415154,unchanged
gene_0547,17.979,-0.2809,0.7004,0.6883609924617902,0.9989509062415154,unchanged
gene_0548,47.758,0.1686,0.6497,0.7952864645095987,0.9989509062415154,unchanged
gene_0549,102.673,0.063,0.6138,0.9182832821132015,0.9989509062415154,unchanged
gene_0550,501.131,-1.0433,0.555,0.06011442341695462,0.6679380379661624,down
gene_0551,65.916,0.3181,0.634,0.6159002050211613,0.9989509062415154,unchanged
gene_0552,49.248,0.0257,0.6482,0.9683243501004312,0.9989509062415154,unchanged
gene_0553,93.882,0.0339,0.6177,0.9562714127543208,0.9989509062415154,unchanged
gene_0554,4.994,0.4628,0.7594,0.5422534309621118,0.9989509062415154,unchanged
gene_0555,14.905,-0.1031,0.7101,0.8845849465863477,0.9989509062415154,unchanged
gene_0556,41.712,0.3601,0.6565,0.583386331125523,0.9989509062415154,unchanged
gene_0557,27.352,0.0729,0.6784,0.9143836615712433,0.9989509062415154,unchanged
gene_0558,9.016,-1.6516,0.7347,0.024585574085822248,0.3206814011194206,down
gene_0559,194.849,-0.1928,0.5875,0.7428342420589021,0.9989509062415154,unchanged
gene_0560,92.268,0.3043,0.6185,0.6227256990652681,0.9989509062415154,unchanged
gene_0561,79.466,0.0869,0.6253,0.8895085521103521,0.9989509062415154,unchanged
gene_0562,28.009,0.0648,0.6771,0.9237070137806958,0.9989509062415154,unchanged
gene_0563,73.644,0.4434,0.6288,0.4806987205689889,0.9989509062415154,unchanged
gene_0564,126.857,0.2178,0.6047,0.7187735570860438,0.9989509062415154,unchanged
gene_0565,47.889,-0.2227,0.6496,0.7316946245353346,0.9989509062415154,unchanged
gene_0566,116.247,-0.0408,0.6084,0.9464712478092988,0.9989509062415154,unchanged
gene_0567,24.654,0.008,0.6838,0.9907129644923164,0.9989509062415154,unchanged
gene_0568,75.328,-0.236,0.6277,0.7069137822491407,0.9989509062415154,unchanged
gene_0569,278.14,0.3709,0.5745,0.5184762042029387,0.9989509062415154,unchanged
gene_0570,311.072,0.1375,0.5706,0.8096194242260677,0.9989509062415154,unchanged
gene_0571,350.544,-0.2425,0.5665,0.6685946763764907,0.9989509062415154,unchanged
gene_0572,95.293,-0.2056,0.6171,0.7389757834906102,0.9989509062415154,unchanged
gene_0573,69.374,0.188,0.6316,0.7660221093879435,0.9989509062415154,unchanged
gene_0574,38.054,0.2302,0.6612,0.7277730046919163,0.9989509062415154,unchanged
gene_0575,6.963,-2.071,0.7462,0.0055130068810141705,0.1050096548764604,down
gene_0576,12.415,0.1927,0.7193,0.78873445377608,0.9989509062415154,unchanged
gene_0577,54.051,-2.5396,0.6436,7.947880030640745e-05,0.009100239715752832,down
gene_0578,58.244,0.7514,0.64,0.24031620556347089,0.9989509062415154,unchanged
gene_0579,389.662,2.0375,0.563,0.0002955304003269115,0.014185459215691752,up
gene_0580,344.984,-0.0762,0.567,0.8930772467263073,0.9989509062415154,unchanged
gene_0581,28.273,-0.2686,0.6766,0.6914152976970953,0.9989509062415154,unchanged
gene_0582,185.473,0.2198,0.5894,0.7091664171037317,0.9989509062415154,unchanged
gene_0583,36.733,-0.0587,0.663,0.9294808913105777,0.9989509062415154,unchanged
gene_0584,156.534,0.2035,0.5961,0.7328486605656668,0.9989509062415154,unchanged
gene_0585,182.641,-0.0281,0.59,0.9620274558984812,0.9989509062415154,unchanged
gene_0586,315.014,-0.0244,0.5701,0.9659157253008109,0.9989509062415154,unchanged
gene_0587,36.024,-0.0635,0.664,0.9238467782508047,0.9989509062415154,unchanged
gene_0588,236.957,-0.5542,0.5802,0.3394897829353025,0.9989509062415154,unchanged
gene_0589,6.417,-0.2858,0.7496,0.7030439487224858,0.9989509062415154,unchanged
gene_0590,337.063,0.329,0.5678,0.5623023408325031,0.9989509062415154,unchanged
gene_0591,64.633,0.5943,0.635,0.34926854323126544,0.9989509062415154,unchanged
gene_0592,66.376,0.1374,0.6337,0.8283227416339521,0.9989509062415154,unchanged
gene_0593,5.224,0.1319,0.7577,0.8617773984066349,0.9989509062415154,unchanged
gene_0594,41.024,-1.6073,0.6574,0.014487630067016744,0.2146315565483962,down
gene_0595,362.981,0.3661,0.5653,0.5172961665368535,0.9989509062415154,unchanged
gene_0596,39.12,-0.306,0.6598,0.6428312131149905,0.9989509062415154,unchanged
gene_0597,162.687,0.0165,0.5946,0.9778616282497292,0.9989509062415154,unchanged
gene_0598,69.63,0.9808,0.6314,0.12035763846800761,0.9989509062415154,unchanged
gene_0599,251.725,0.2736,0.578,0.6360051630241009,0.9989509062415154,unchanged
gene_0600,84.722,0.1496,0.6223,0.8100022852259765,0.9989509062415154,unchanged
gene_0601,20.806,-0.1242,0.6927,0.8577466847328372,0.9989509062415154,unchanged
gene_0602,71.562,0.1117,0.6301,0.859241735680419,0.9989509062415154,unchanged
gene_0603,493.499,-0.0395,0.5554,0.9433189603567952,0.9989509062415154,unchanged
gene_0604,124.22,0.0044,0.6056,0.9942623055586498,0.9989509062415154,unchanged
gene_0605,57.653,0.198,0.6405,0.7572616120834851,0.9989509062415154,unchanged
gene_0606,1118.428,0.0602,0.532,0.9099820842332342,0.9989509062415154,unchanged
gene_0607,284.013,0.4632,0.5737,0.41944601771100065,0.9989509062415154,unchanged
gene_0608,185.104,-1.5141,0.5895,0.010216987171785095,0.1657578602755124,down
gene_0609,99.154,-0.2657,0.6153,0.6658746136288027,0.9989509062415154,unchanged
gene_0610,166.142,0.3882,0.5937,0.5131718194906076,0.9989509062415154,unchanged
gene_0611,173.021,-0.0302,0.5921,0.9593487968046269,0.9989509062415154,unchanged
gene_0612,4.356,-1.3744,0.7643,0.07213696361964812,0.7860879058785304,down
gene_0613,109.253,-0.0695,0.6111,0.9093949607427134,0.9989509062415154,unchanged
gene_0614,54.543,0.0982,0.6432,0.8786988877668672,0.9989509062415154,unchanged
gene_0615,35.705,-0.453,0.6645,0.49546551116437054,0.9989509062415154,unchanged
gene_0616,52.232,-0.232,0.6453,0.7192495223731389,0.9989509062415154,unchanged
gene_0617,9.537,-0.1734,0.7321,0.8127812114516971,0.9989509062415154,unchanged
gene_0618,6.988,0.1385,0.746,0.8527186016784798,0.9989509062415154,unchanged
gene_0619,316.755,-0.0566,0.5699,0.9208673023013915,0.9989509062415154,unchanged
gene_0620,118.83,-0.3275,0.6075,0.5897867813619752,0.9989509062415154,unchanged
gene_0621,3.267,0.2788,0.7734,0.718471177495354,0.9989509062415154,unchanged
gene_0622,32.444,0.2244,0.6695,0.7374302497438928,0.9989509062415154,unchanged
gene_0623,200.475,-0.0463,0.5865,0.9370543741005816,0.9989509062415154,unchanged
gene_0624,46.992,-0.3755,0.6505,0.5637861767102508,0.9989509062415154,unchanged
gene_0625,316.162,-0.2359,0.57,0.6789410381912206,0.9989509062415154,unchanged
gene_0626,247.693,-0.3114,0.5786,0.5904062276145419,0.9989509062415154,unchanged
gene_0627,12.233,0.3179,0.7201,0.6588066395066183,0.9989509062415154,unchanged
gene_0628,55.748,-0.1262,0.6421,0.8441463050356948,0.9989509062415154,unchanged
gene_0629,38.088,-0.2786,0.6612,0.6734759946595817,0.9989509062415154,unchanged
gene_0630,11.745,0.148,0.7221,0.8376500588046758,0.9989509062415154,unchanged
gene_0631,10.828,-0.2645,0.726,0.7156203337046306,0.9989509062415154,unchanged
gene_0632,24.349,0.2551,0.6845,0.709421507892801,0.9989509062415154,unchanged
gene_0633,29.929,-0.292,0.6737,0.6647204846911039,0.9989509062415154,unchanged
gene_0634,95.015,0.0615,0.6172,0.9206308768581654,0.9989509062415154,unchanged
gene_0635,245.984,0.1837,0.5789,0.7509406360820353,0.9989509062415154,unchanged
gene_0636,126.73,0.3884,0.6048,0.5206943714822758,0.9989509062415154,unchanged
gene_0637,170.369,0.5525,0.5927,0.3512908567266504,0.9989509062415154,unchanged
gene_0638,47.786,-0.3446,0.6497,0.5958553714182422,0.9989509062415154,unchanged
gene_0639,141.705,-0.4627,0.6001,0.4406947003959467,0.9989509062415154,unchanged
gene_0640,55.397,0.0188,0.6424,0.9766021515934478,0.9989509062415154,unchanged
gene_0641,38.404,-1.3138,0.6608,0.046770977647464795,0.534525458828169,down
gene_0642,714.352,-0.3995,0.5444,0.4630390743179472,0.9989509062415154,unchanged
gene_0643,3.622,0.0017,0.7703,0.9982870540176197,0.9989509062415154,unchanged
gene_0644,6.413,-0.2635,0.7496,0.7252445242901567,0.9989509062415154,unchanged
gene_0645,107.595,-0.7249,0.6117,0.23603611890909093,0.9989509062415154,unchanged
gene_0646,47.884,-0.076,0.6496,0.9068110146939794,0.9989509062415154,unchanged
gene_0647,11.065,-0.1773,0.725,0.8067647588851989,0.9989509062415154,unchanged
gene_0648,17.845,-0.0543,0.7008,0.9382367483141143,0.9989509062415154,unchanged
gene_0649,20.999,0.1368,0.6923,0.8433578771688333,0.9989509062415154,unchanged
gene_0650,203.45,0.2734,0.5859,0.640774742909652,0.9989509062415154,unchanged
gene_0651,303.54,0.3305,0.5714,0.5629746307329629,0.9989509062415154,unchanged
gene_0652,517.73,-0.1496,0.5539,0.7871441332255659,0.9989509062415154,unchanged
gene_0653,9.15,0.0052,0.734,0.9943296702618077,0.9989509062415154,unchanged
gene_0654,12.074,-1.5676,0.7207,0.029624764969740813,0.3699776010451941,down
gene_0655,11.084,0.0788,0.7249,0.9134612298360215,0.9989509062415154,unchanged
gene_0656,333.977,0.1583,0.5681,0.7804694791238009,0.9989509062415154,unchanged
gene_0657,112.34,-0.1569,0.6099,0.7969835652768763,0.9989509062415154,unchanged
gene_0658,73.718,-0.4158,0.6288,0.5084093649082958,0.9989509062415154,unchanged
gene_0659,88.858,0.197,0.6202,0.7507052095537552,0.9989509062415154,unchanged
gene_0660,62.117,1.6911,0.6369,0.007920837541184696,0.1413539186914948,up
gene_0661,16.421,0.403,0.7051,0.5676546144599941,0.9989509062415154,unchanged
gene_0662,126.655,-0.0977,0.6048,0.8716343640408963,0.9989509062415154,unchanged
gene_0663,52.843,-0.0629,0.6447,0.9222523867141289,0.9989509062415154,unchanged
gene_0664,14.874,-1.0037,0.7102,0.15756400003126958,0.9989509062415154,down
gene_0665,136.709,-0.2245,0.6016,0.709059496809374,0.9989509062415154,unchanged
gene_0666,39.164,-0.0127,0.6598,0.9845933094104297,0.9989509062415154,unchanged
gene_0667,88.62,0.0683,0.6203,0.9123084759377718,0.9989509062415154,unchanged
gene_0668,57.041,-0.2479,0.641,0.6989579427976377,0.9989509062415154,unchanged
gene_0669,203.207,0.1992,0.5859,0.733919132516301,0.9989509062415154,unchanged
gene_0670,87.812,-0.1305,0.6207,0.8335242564107562,0.9989509062415154,unchanged
gene_0671,22.096,0.4668,0.6896,0.4984630742215096,0.9989509062415154,unchanged
gene_0672,99.734,0.1005,0.6151,0.8701840523162209,0.9989509062415154,unchanged
gene_0673,103.893,-0.2379,0.6133,0.6981038610325253,0.9989509062415154,unchanged
gene_0674,126.364,0.0801,0.6049,0.8946432970102262,0.9989509062415154,unchanged
gene_0675,243.433,0.4652,0.5792,0.4218872481595378,0.9989509062415154,unchanged
gene_0676,30.877,0.3658,0.672,0.5861957930142767,0.9989509062415154,unchanged
gene_0677,153.687,-0.0437,0.5968,0.9416678138972385,0.9989509062415154,unchanged
gene_0678,7.721,0.2524,0.7417,0.7335950593221371,0.9989509062415154,unchanged
gene_0679,57.399,0.0761,0.6407,0.9054024267282514,0.9989509062415154,unchanged
gene_0680,47.308,0.1016,0.6502,0.8758338844759078,0.9989509062415154,unchanged
gene_0681,407.404,-0.3228,0.5615,0.5653531440493108,0.9989509062415154,unchanged
gene_0682,54.849,0.5867,0.6429,0.3614749158212035,0.9989509062415154,unchanged
gene_0683,142.592,-0.2502,0.5999,0.6765957463820707,0.9989509062415154,unchanged
gene_0684,7.373,0.5963,0.7437,0.4226996696597317,0.9989509062415154,unchanged
gene_0685,42.961,-0.3069,0.6551,0.6394304099476494,0.9989509062415154,unchanged
gene_0686,23.151,-0.1177,0.6871,0.864005720242472,0.9989509062415154,unchanged
gene_0687,1472.017,0.0302,0.525,0.9540831084300092,0.9989509062415154,unchanged
gene_0688,28.977,-0.3914,0.6754,0.5622207457465799,0.9989509062415154,down
gene_0689,73.083,-0.6908,0.6292,0.27218926192102977,0.9989509062415154,unchanged
gene_0690,78.118,-0.033,0.6261,0.9579909462867475,0.9989509062415154,unchanged
gene_0691,9.144,-0.0154,0.7341,0.9832709251694526,0.9989509062415154,unchanged
gene_0692,34.552,-0.0635,0.6662,0.9240830196627698,0.9989509062415154,unchanged
gene_0693,110.604,0.0417,0.6105,0.9456037643686498,0.9989509062415154,unchanged
gene_0694,74.229,-1.6336,0.6284,0.009338388613037391,0.16008666193778387,down
gene_0695,3.76,-0.0043,0.7691,0.9955799003600777,0.9989509062415154,unchanged
gene_0696,32.827,0.2119,0.6689,0.7513305765357902,0.9989509062415154,unchanged
gene_0697,238.896,-0.4249,0.5799,0.4637508509043273,0.9989509062415154,unchanged
gene_0698,139.112,0.3887,0.6009,0.5177297783890467,0.9989509062415154,unchanged
gene_0699,305.681,0.3212,0.5712,0.5738315595172299,0.9989509062415154,unchanged
gene_0700,19.452,-0.1891,0.6963,0.7859838472151164,0.9989509062415154,unchanged
gene_0701,330.684,0.3253,0.5685,0.5670973455932026,0.9989509062415154,unchanged
gene_0702,63.086,0.3304,0.6361,0.6034470905654661,0.9989509062415154,unchanged
gene_0703,487.982,0.26,0.5558,0.6399774123035012,0.9989509062415154,unchanged
gene_0704,66.962,0.3595,0.6333,0.5702511447104197,0.9989509062415154,unchanged
gene_0705,5.159,-1.5181,0.7582,0.04525447648485732,0.5221670363637384,down
gene_0706,192.784,0.3049,0.5879,0.6040929472057975,0.9989509062415154,unchanged
gene_0707,38.306,0.0247,0.6609,0.9701975696280913,0.9989509062415154,unchanged
gene_0708,41.667,0.1573,0.6566,0.8106372961053148,0.9989509062415154,unchanged
gene_0709,10.844,0.0877,0.726,0.9038212895425587,0.9989509062415154,unchanged
gene_0710,506.614,-0.2345,0.5546,0.6724038086993298,0.9989509062415154,unchanged
gene_0711,34.765,-0.1222,0.6659,0.8544166197755387,0.9989509062415154,unchanged
gene_0712,477.61,0.1985,0.5565,0.7213186291701648,0.9989509062415154,unchanged
gene_0713,38.898,-2.2157,0.6601,0.0007889845463949525,0.025822554357135638,down
gene_0714,20.912,-0.0853,0.6925,0.901949507045656,0.9989509062415154,unchanged
gene_0715,347.03,0.0096,0.5668,0.9865538725531126,0.9989509062415154,unchanged
gene_0716,60.845,-0.5087,0.6378,0.4251533434368914,0.9989509062415154,unchanged
gene_0717,61.592,-0.1943,0.6373,0.7604236358359071,0.9989509062415154,unchanged
gene_0718,13.436,2.1281,0.7154,0.0029314293160362277,0.0663719845140278,up
gene_0719,37.636,-0.1967,0.6618,0.7663164686530668,0.9989509062415154,unchanged
gene_0720,113.963,0.2973,0.6093,0.6255203565156298,0.9989509062415154,unchanged
gene_0721,13.145,1.5946,0.7165,0.026036780728464017,0.3359584610124389,up
gene_0722,33.993,0.2731,0.667,0.6822611236785201,0.9989509062415154,unchanged
gene_0723,39.427,0.209,0.6594,0.7512583373557622,0.9989509062415154,unchanged
gene_0724,72.461,0.1915,0.6296,0.7609404301960921,0.9989509062415154,unchanged
gene_0725,423.88,-0.0864,0.5602,0.8773854938646545,0.9989509062415154,unchanged
gene_0726,45.835,0.482,0.6518,0.459604887897503,0.9989509062415154,unchanged
gene_0727,28.131,2.2026,0.6769,0.001138314281397536,0.034149428441926075,up
gene_0728,2065.161,0.0165,0.5169,0.9745351891089825,0.9989509062415154,unchanged
gene_0729,38.804,-0.0888,0.6602,0.8930048223146452,0.9989509062415154,unchanged
gene_0730,52.545,-0.1548,0.645,0.8102842318639557,0.9989509062415154,unchanged
gene_0731,42.636,0.1172,0.6554,0.8581317619498505,0.9989509062415154,unchanged
gene_0732,47.183,-0.0971,0.6503,0.8812776206092736,0.9989509062415154,unchanged
gene_0733,73.493,0.1025,0.6289,0.8704880157677725,0.9989509062415154,unchanged
gene_0734,210.818,-0.1064,0.5846,0.8555070151999542,0.9989509062415154,unchanged
gene_0735,110.497,-0.3829,0.6106,0.5305468883330493,0.9989509062415154,unchanged
gene_0736,256.305,0.7784,0.5774,0.17758884162760336,0.9989509062415154,unchanged
gene_0737,245.927,-0.0221,0.5789,0.9695111178597745,0.9989509062415154,unchanged
gene_0738,86.547,0.0505,0.6214,0.9351679884483681,0.9989509062415154,unchanged
gene_0739,106.739,-0.1968,0.6121,0.7478702951965777,0.9989509062415154,unchanged
gene_0740,266.646,-0.3083,0.576,0.5924404583666754,0.9989509062415154,unchanged
gene_0741,16.626,-0.0367,0.7045,0.9583975137625651,0.9989509062415154,unchanged
gene_0742,1514.384,-0.2384,0.5243,0.6493446860899421,0.9989509062415154,unchanged
gene_0743,35.137,-1.2952,0.6653,0.05156931760853147,0.5838035955682808,down
gene_0744,43.004,-1.5681,0.655,0.016666536068288974,0.23529227390525612,down
gene_0745,14.66,0.3547,0.7109,0.6178555378785691,0.9989509062415154,unchanged
gene_0746,15.215,0.2491,0.709,0.7253547771187219,0.9989509062415154,unchanged
gene_0747,225.325,0.3769,0.5821,0.5173086998271235,0.9989509062415154,unchanged
gene_0748,1138.813,2.037,0.5316,0.00012706451790377615,0.009524352577265313,up
gene_0749,32.817,0.1769,0.6689,0.791366777064442,0.9989509062415154,unchanged
gene_0750,102.94,-0.0411,0.6137,0.9466550462361534,0.9989509062415154,unchanged
gene_0751,87.813,-0.6619,0.6207,0.2863070630141292,0.9989509062415154,unchanged
gene_0752,232.829,-0.1438,0.5809,0.8044653698347463,0.9989509062415154,unchanged
gene_0753,1067.84,-0.0173,0.5333,0.9741173140864635,0.9989509062415154,unchanged
gene_0754,446.401,-0.0227,0.5586,0.9676414870642845,0.9989509062415154,unchanged
gene_0755,49.485,-0.2348,0.648,0.7171314302291958,0.9989509062415154,unchanged
gene_0756,129.148,0.0696,0.604,0.9083133252945405,0.9989509062415154,unchanged
gene_0757,146.214,0.4048,0.5989,0.49909425239837524,0.9989509062415154,unchanged
gene_0758,65.032,0.1188,0.6347,0.8515026302941542,0.9989509062415154,unchanged
gene_0759,16.947,0.443,0.7035,0.5288539301085562,0.9989509062415154,unchanged
gene_0760,24.57,-0.4122,0.684,0.5467590122015975,0.9989509062415154,unchanged
gene_0761,280.112,-0.2301,0.5742,0.6886243748509567,0.9989509062415154,unchanged
gene_0762,318.663,2.9525,0.5697,2.1906769636286708e-07,0.0002628812356354405,up
gene_0763,51.446,0.2374,0.646,0.7132528106848568,0.9989509062415154,unchanged
gene_0764,92.418,0.1755,0.6184,0.7766199629169527,0.9989509062415154,unchanged
gene_0765,297.847,0.0017,0.5721,0.9975823349176497,0.9989509062415154,unchanged
gene_0766,7.922,0.2644,0.7406,0.7211213681810973,0.9989509062415154,unchanged
gene_0767,38.17,-0.4403,0.6611,0.5053818537998311,0.9989509062415154,unchanged
gene_0768,830.759,-0.4185,0.5401,0.43835649543635213,0.9989509062415154,unchanged
gene_0769,96.944,0.078,0.6163,0.8992838283961827,0.9989509062415154,unchanged
gene_0770,16.256,-0.1141,0.7056,0.8715877572968345,0.9989509062415154,unchanged
gene_0771,77.216,-0.1231,0.6266,0.844228725144547,0.9989509062415154,unchanged
gene_0772,239.079,0.4778,0.5799,0.4099753587824445,0.9989509062415154,unchanged
gene_0773,2.764,-0.4069,0.7781,0.6010269754752124,0.9989509062415154,unchanged
gene_0774,83.126,2.326,0.6232,0.00018981586702192,0.0113889520213152,up
gene_0775,41.866,0.3193,0.6564,0.6266113273520415,0.9989509062415154,unchanged
gene_0776,8.563,0.0584,0.7371,0.9368613853379483,0.9989509062415154,unchanged
gene_0777,73.878,0.0495,0.6287,0.937260363826189,0.9989509062415154,unchanged
gene_0778,56.227,0.0236,0.6417,0.9706993113595072,0.9989509062415154,unchanged
gene_0779,64.708,-0.0689,0.6349,0.9135433498647989,0.9989509062415154,unchanged
gene_0780,43.15,-0.1864,0.6548,0.7758819972976096,0.9989509062415154,unchanged
gene_0781,18.603,-0.0427,0.6986,0.9512780062564802,0.9989509062415154,unchanged
gene_0782,10.821,0.0423,0.7261,0.9535652230089302,0.9989509062415154,unchanged
gene_0783,28.124,-0.0539,0.6769,0.9365711526091665,0.9989509062415154,unchanged
gene_0784,195.208,0.0715,0.5875,0.9031420763954044,0.9989509062415154,unchanged
gene_0785,89.241,0.0289,0.62,0.962785252398987,0.9989509062415154,unchanged
gene_0786,61.162,-0.0757,0.6376,0.9054368810403076,0.9989509062415154,unchanged
gene_0787,18.179,0.3074,0.6998,0.6604255936415894,0.9989509062415154,unchanged
gene_0788,41.788,0.2704,0.6565,0.6803545862858908,0.9989509062415154,unchanged
gene_0789,167.578,-0.613,0.5934,0.30160655832309147,0.9989509062415154,unchanged
gene_0790,125.334,-0.0119,0.6052,0.9843492768504866,0.9989509062415154,unchanged
gene_0791,36.727,0.0577,0.6631,0.9306689667593288,0.9989509062415154,unchanged
gene_0792,2.549,-1.3626,0.7801,0.08070002159222861,0.8569913797404808,down
gene_0793,28.687,0.0373,0.6759,0.956009250778404,0.9989509062415154,unchanged
gene_0794,36.475,0.2304,0.6634,0.7284013593954277,0.9989509062415154,unchanged
gene_0795,21.458,0.2754,0.6911,0.6902358695285336,0.9989509062415154,unchanged
gene_0796,39.787,0.0994,0.659,0.8801556487694564,0.9989509062415154,unchanged
gene_0797,185.061,0.4524,0.5895,0.4427889843317423,0.9989509062415154,unchanged
gene_0798,63.649,0.1266,0.6357,0.8421228761290371,0.9989509062415154,unchanged
gene_0799,229.779,0.2,0.5813,0.7308009292872266,0.9989509062415154,unchanged
gene_0800,10.12,0.3367,0.7293,0.6443471930899041,0.9989509062415154,unchanged
gene_0801,45.544,-0.0611,0.6521,0.9253424314731328,0.9989509062415154,unchanged
gene_0802,5.907,-0.0156,0.753,0.9834983309834697,0.9989509062415154,unchanged
gene_0803,39.126,-0.3668,0.6598,0.5783013726929482,0.9989509062415154,unchanged
gene_0804,18.046,0.1178,0.7002,0.8663899288932803,0.9989509062415154,unchanged
gene_0805,330.817,0.0067,0.5684,0.9905428749450635,0.9989509062415154,unchanged
gene_0806,111.29,0.0361,0.6103,0.9527907795172548,0.9989509062415154,unchanged
gene_0807,237.113,-0.0375,0.5802,0.948462250210118,0.9989509062415154,unchanged
gene_0808,38.99,0.1784,0.66,0.7869414375321947,0.9989509062415154,unchanged
gene_0809,18.641,0.202,0.6985,0.7724062075805331,0.9989509062415154,unchanged
gene_0810,17.913,0.0452,0.7006,0.9485115626652616,0.9989509062415154,unchanged
gene_0811,92.926,-0.3962,0.6182,0.5216211386356453,0.9989509062415154,unchanged
gene_0812,640.79,0.1782,0.5475,0.7448435849085824,0.9989509062415154,unchanged
gene_0813,111.662,-0.1132,0.6101,0.8527927594624202,0.9989509062415154,unchanged
gene_0814,41.743,-0.1424,0.6565,0.8283380895640085,0.9989509062415154,unchanged
gene_0815,52.669,-0.2804,0.6449,0.6637536584001563,0.9989509062415154,unchanged
gene_0816,64.128,0.1466,0.6353,0.8175368466545938,0.9989509062415154,unchanged
gene_0817,839.917,-0.005,0.5398,0.9926652166141395,0.9989509062415154,unchanged
gene_0818,311.69,0.1964,0.5705,0.7306692934371111,0.9989509062415154,unchanged
gene_0819,92.291,0.3019,0.6185,0.6254240988765412,0.9989509062415154,unchanged
gene_0820,76.49,-0.0048,0.627,0.9939253965692336,0.9989509062415154,unchanged
gene_0821,96.95,0.2127,0.6163,0.7300115369177882,0.9989509062415154,unchanged
gene_0822,123.698,0.0696,0.6058,0.9085283289330773,0.9989509062415154,unchanged
gene_0823,39.786,0.0694,0.659,0.9161611523871467,0.9989509062415154,unchanged
gene_0824,23.217,0.1777,0.687,0.7959038052864169,0.9989509062415154,unchanged
gene_0825,242.324,0.2759,0.5794,0.633895172447831,0.9989509062415154,unchanged
gene_0826,68.544,-0.1023,0.6322,0.8714627540692922,0.9989509062415154,unchanged
gene_0827,218.309,0.1672,0.5832,0.7743343846806,0.9989509062415154,unchanged
gene_0828,522.016,-0.0217,0.5537,0.9686955402560233,0.9989509062415154,unchanged
gene_0829,127.839,0.1086,0.6044,0.8573970141644998,0.9989509062415154,unchanged
gene_0830,104.395,0.1984,0.6131,0.7462807056956593,0.9989509062415154,unchanged
gene_0831,3642.056,0.1312,0.5044,0.7947641804821685,0.9989509062415154,unchanged
gene_0832,86.382,-0.5538,0.6215,0.3728484991849962,0.9989509062415154,unchanged
gene_0833,17.061,0.1673,0.7031,0.811891172728725,0.9989509062415154,unchanged
gene_0834,46.921,-0.3443,0.6506,0.5966928578615969,0.9989509062415154,unchanged
gene_0835,463.871,-0.0935,0.5574,0.8668264301948395,0.9989509062415154,unchanged
gene_0836,13.227,-0.0424,0.7161,0.9528206735002499,0.9989509062415154,unchanged
gene_0837,26.035,-0.225,0.681,0.7411354566395705,0.9989509062415154,unchanged
gene_0838,265.877,-0.04,0.5761,0.9446623247666949,0.9989509062415154,unchanged
gene_0839,47.488,-0.0588,0.65,0.9279364979947181,0.9989509062415154,unchanged
gene_0840,58.102,-0.0832,0.6401,0.8965868258704314,0.9989509062415154,unchanged
gene_0841,255.115,-0.1826,0.5775,0.7519271531014273,0.9989509062415154,unchanged
gene_0842,27.221,0.3671,0.6786,0.5885577210652344,0.9989509062415154,unchanged
gene_0843,10.636,2.4295,0.7269,0.000831210910973048,0.026248765609675196,up
gene_0844,11.75,-0.1706,0.722,0.8132201191688714,0.9989509062415154,unchanged
gene_0845,137.996,-0.2623,0.6012,0.6626629480374401,0.9989509062415154,unchanged
gene_0846,92.196,0.2489,0.6185,0.6873724237356347,0.9989509062415154,unchanged
gene_0847,28.059,-0.1356,0.677,0.8412802414565494,0.9989509062415154,unchanged
gene_0848,15.666,-0.0866,0.7075,0.9025576191950125,0.9989509062415154,unchanged
gene_0849,47.55,-0.1661,0.6499,0.7983343729114909,0.9989509062415154,unchanged
gene_0850,269.252,0.2279,0.5756,0.692149518947959,0.9989509062415154,unchanged
gene_0851,23.458,-0.2621,0.6864,0.7026164824023797,0.9989509062415154,unchanged
gene_0852,29.126,0.1023,0.6751,0.8795628285206115,0.9989509062415154,unchanged
gene_0853,15.057,-0.2364,0.7096,0.7389625814396944,0.9989509062415154,unchanged
gene_0854,42.129,0.0146,0.656,0.9822492628564709,0.9989509062415154,unchanged
gene_0855,101.758,0.5974,0.6142,0.3306937357636217,0.9989509062415154,unchanged
gene_0856,938.198,0.8195,0.5367,0.12681013441466463,0.9989509062415154,up
gene_0857,87.551,-0.6694,0.6209,0.2809494057802605,0.9989509062415154,unchanged
gene_0858,62.359,0.2518,0.6367,0.6925275583240037,0.9989509062415154,unchanged
gene_0859,196.109,0.4356,0.5873,0.4582824960251599,0.9989509062415154,unchanged
gene_0860,159.217,-0.373,0.5954,0.5309742682748511,0.9989509062415154,unchanged
gene_0861,32.392,0.4336,0.6695,0.5172649608494129,0.9989509062415154,unchanged
gene_0862,1185.091,0.5134,0.5305,0.3332332084692363,0.9989509062415154,unchanged
gene_0863,64.684,-0.1492,0.6349,0.8141957679855052,0.9989509062415154,unchanged
gene_0864,89.61,0.707,0.6198,0.2539950711959149,0.9989509062415154,unchanged
gene_0865,132.845,0.1123,0.6028,0.8521552793336193,0.9989509062415154,unchanged
gene_0866,102.754,0.0114,0.6137,0.9852312584068029,0.9989509062415154,unchanged
gene_0867,448.876,-0.2289,0.5584,0.6818106511036117,0.9989509062415154,unchanged
gene_0868,31.9,0.4338,0.6703,0.5175496767945518,0.9989509062415154,unchanged
gene_0869,177.546,0.0458,0.5911,0.9382821660598428,0.9989509062415154,unchanged
gene_0870,81.917,0.311,0.6239,0.6180840228386726,0.9989509062415154,unchanged
gene_0871,227.785,0.255,0.5817,0.6611589820160613,0.9989509062415154,unchanged
gene_0872,50.972,0.0548,0.6465,0.9324064718031337,0.9989509062415154,unchanged
gene_0873,43.034,0.6816,0.655,0.29802731270529836,0.9989509062415154,unchanged
gene_0874,166.516,0.0699,0.5936,0.906206591409678,0.9989509062415154,unchanged
gene_0875,104.323,-1.6816,0.6131,0.006090173276624556,0.11243396818383794,down
gene_0876,23.918,-0.3039,0.6854,0.6574733658684372,0.9989509062415154,unchanged
gene_0877,358.531,0.0202,0.5657,0.9714736086884185,0.9989509062415154,unchanged
gene_0878,166.607,-0.2516,0.5936,0.6716936266025573,0.9989509062415154,unchanged
gene_0879,60.779,-0.0057,0.6379,0.9928677790452843,0.9989509062415154,unchanged
gene_0880,37.141,0.4203,0.6625,0.5258062491380365,0.9989509062415154,unchanged
gene_0881,105.126,0.3149,0.6127,0.6073447379980929,0.9989509062415154,unchanged
gene_0882,152.263,-0.037,0.5972,0.9506574763157789,0.9989509062415154,unchanged
gene_0883,9.092,0.0027,0.7343,0.9970593407674739,0.9989509062415154,unchanged
gene_0884,106.655,0.1197,0.6121,0.8449656728805538,0.9989509062415154,unchanged
gene_0885,150.761,0.5651,0.5976,0.3443585233119265,0.9989509062415154,unchanged
gene_0886,3.523,-1.7675,0.7712,0.021910578274824406,0.2921410436643254,down
gene_0887,85.22,0.2033,0.6221,0.7437846006725544,0.9989509062415154,unchanged
gene_0888,158.898,0.0617,0.5955,0.9174702673792716,0.9989509062415154,unchanged
gene_0889,137.841,-0.0977,0.6013,0.8709596024737466,0.9989509062415154,unchanged
gene_0890,181.828,0.3348,0.5902,0.5705571838257217,0.9989509062415154,unchanged
gene_0891,44.28,-0.4128,0.6535,0.5275681918055306,0.9989509062415154,unchanged
gene_0892,18.176,-0.2752,0.6998,0.6941485407497272,0.9989509062415154,unchanged
gene_0893,7.031,0.3826,0.7458,0.6079862814866255,0.9989509062415154,unchanged
gene_0894,261.198,-0.1114,0.5767,0.8467801492261429,0.9989509062415154,unchanged
gene_0895,160.586,0.2324,0.5951,0.6961187911914286,0.9989509062415154,unchanged
gene_0896,287.324,-0.2083,0.5733,0.7163087028509034,0.9989509062415154,unchanged
gene_0897,26.939,0.1625,0.6792,0.8109239855898133,0.9989509062415154,unchanged
gene_0898,182.144,0.5936,0.5901,0.31444433849755893,0.9989509062415154,unchanged
gene_0899,10.192,-0.2132,0.729,0.7698965019994449,0.9989509062415154,unchanged
gene_0900,22.491,0.1527,0.6887,0.824561455039267,0.9989509062415154,unchanged
gene_0901,78.06,-0.0095,0.6261,0.9878370342539298,0.9989509062415154,unchanged
gene_0902,152.782,0.5946,0.5971,0.31935381028019105,0.9989509062415154,unchanged
gene_0903,543.9,-0.0235,0.5524,0.9661246927866732,0.9989509062415154,unchanged
gene_0904,49.398,0.0035,0.648,0.99570616508443,0.9989509062415154,unchanged
gene_0905,22.597,-0.5845,0.6884,0.3958067463527811,0.9989509062415154,unchanged
gene_0906,21.191,-0.1336,0.6918,0.8468962742508324,0.9989509062415154,unchanged
gene_0907,28.225,0.3202,0.6767,0.6361519828995963,0.9989509062415154,unchanged
gene_0908,1070.931,-0.1036,0.5332,0.8459557734642792,0.9989509062415154,unchanged
gene_0909,171.759,2.1825,0.5924,0.00022955262790895806,0.0119766588474239,up
gene_0910,267.914,0.1566,0.5758,0.7855769910560102,0.9989509062415154,unchanged
gene_0911,49.465,-0.222,0.648,0.7318999074488979,0.9989509062415154,unchanged
gene_0912,66.549,0.0671,0.6336,0.9157044281943452,0.9989509062415154,unchanged
gene_0913,159.825,-0.318,0.5953,0.5932435589073481,0.9989509062415154,unchanged
gene_0914,35.437,0.1568,0.6649,0.8135702787102015,0.9989509062415154,unchanged
gene_0915,46.333,0.0622,0.6512,0.9239573094704019,0.9989509062415154,unchanged
gene_0916,28.692,0.3232,0.6759,0.6325577914629563,0.9989509062415154,unchanged
gene_0917,38.116,0.1555,0.6611,0.8140392746556532,0.9989509062415154,unchanged
gene_0918,70.897,0.1035,0.6306,0.8696180023305,0.9989509062415154,unchanged
gene_0919,23.876,0.1246,0.6855,0.855745606242766,0.9989509062415154,unchanged
gene_0920,95.342,-0.0684,0.617,0.9117195173905666,0.9989509062415154,unchanged
gene_0921,95.176,2.1924,0.6171,0.000381315050181467,0.01634207357920573,up
gene_0922,53.3,-0.3152,0.6443,0.6247336560739079,0.9989509062415154,unchanged
gene_0923,23.705,-0.7384,0.6859,0.28168134295137004,0.9989509062415154,unchanged
gene_0924,76.036,-0.0219,0.6273,0.9721520198580136,0.9989509062415154,unchanged
gene_0925,35.476,-0.3312,0.6648,0.6184155103894096,0.9989509062415154,unchanged
gene_0926,70.686,-1.7726,0.6307,0.0049462705425106345,0.09672601545185422,down
gene_0927,263.133,-0.2866,0.5764,0.6190172437912935,0.9989509062415154,unchanged
gene_0928,13.927,0.1848,0.7135,0.795678973364679,0.9989509062415154,unchanged
gene_0929,1009.144,0.2948,0.5348,0.5814507767869489,0.9989509062415154,unchanged
gene_0930,60.907,-0.1921,0.6378,0.7632347563297361,0.9989509062415154,unchanged
gene_0931,111.586,-0.0573,0.6102,0.9252034826722465,0.9989509062415154,unchanged
gene_0932,26.025,0.4474,0.681,0.5111474525272506,0.9989509062415154,unchanged
gene_0933,278.04,-0.0244,0.5745,0.9661801975131974,0.9989509062415154,unchanged
gene_0934,56.995,-0.2846,0.641,0.657022690424474,0.9989509062415154,unchanged
gene_0935,40.746,0.0052,0.6577,0.9936851541088377,0.9989509062415154,unchanged
gene_0936,32.479,0.2098,0.6694,0.7540121023608533,0.9989509062415154,unchanged
gene_0937,47.674,0.4714,0.6498,0.46821000874242047,0.9989509062415154,unchanged
gene_0938,112.498,-0.112,0.6098,0.8542604274410233,0.9989509062415154,unchanged
gene_0939,82.766,0.1613,0.6234,0.7958661014214692,0.9989509062415154,unchanged
gene_0940,63.445,-0.2322,0.6358,0.7149659723502262,0.9989509062415154,unchanged
gene_0941,27.405,-0.2295,0.6783,0.7350542415056549,0.9989509062415154,unchanged
gene_0942,25.496,-0.0799,0.6821,0.9067213100655962,0.9989509062415154,unchanged
gene_0943,37.484,-0.4568,0.662,0.4901783912968164,0.9989509062415154,unchanged
gene_0944,118.551,0.2119,0.6076,0.7272853864946514,0.9989509062415154,unchanged
gene_0945,152.601,0.3942,0.5971,0.509173562907216,0.9989509062415154,unchanged
gene_0946,180.604,-0.0855,0.5905,0.8848062406547246,0.9989509062415154,unchanged
gene_0947,66.564,-0.3699,0.6336,0.5593587785228478,0.9989509062415154,unchanged
gene_0948,107.711,0.1821,0.6117,0.7659757609353247,0.9989509062415154,unchanged
gene_0949,54.024,0.1991,0.6436,0.7570889435155694,0.9989509062415154,unchanged
gene_0950,7.554,-0.2587,0.7427,0.7275738572442997,0.9989509062415154,unchanged
gene_0951,50.912,-0.0198,0.6466,0.9755492740928297,0.9989509062415154,unchanged
gene_0952,41.714,-0.0794,0.6565,0.9037395542582454,0.9989509062415154,unchanged
gene_0953,18.196,-0.2609,0.6998,0.7092856599715864,0.9989509062415154,unchanged
gene_0954,32.811,0.1011,0.6689,0.8798386939662455,0.9989509062415154,unchanged
gene_0955,78.954,0.0008,0.6256,0.9989509062415154,0.9989509062415154,unchanged
gene_0956,16.175,-0.0889,0.7059,0.8997856468540897,0.9989509062415154,unchanged
gene_0957,27.427,0.2036,0.6782,0.7639918532803538,0.9989509062415154,unchanged
gene_0958,461.683,-0.1093,0.5575,0.8446384502572541,0.9989509062415154,unchanged
gene_0959,8.995,-0.2894,0.7348,0.6936727066780699,0.9989509062415154,unchanged
gene_0960,53.039,-1.3521,0.6445,0.03592338193775942,0.43464888345895625,down
gene_0961,15.52,0.0666,0.708,0.9250354319436643,0.9989509062415154,unchanged
gene_0962,26.061,0.3243,0.6809,0.6339051507547517,0.9989509062415154,unchanged
gene_0963,52.082,0.549,0.6454,0.39497044796237035,0.9989509062415154,unchanged
gene_0964,19.405,0.0715,0.6964,0.9182442123755947,0.9989509062415154,unchanged
gene_0965,136.649,0.7164,0.6016,0.23375834422339825,0.9989509062415154,unchanged
gene_0966,361.022,0.0623,0.5655,0.9123381452547524,0.9989509062415154,unchanged
gene_0967,190.966,-0.0277,0.5883,0.9624542549691213,0.9989509062415154,unchanged
gene_0968,240.031,-0.5119,0.5797,0.3772961154401431,0.9989509062415154,unchanged
gene_0969,11.886,0.4693,0.7215,0.5153890018823346,0.9989509062415154,unchanged
gene_0970,49.213,-0.2149,0.6482,0.7402950762721026,0.9989509062415154,unchanged
gene_0971,119.615,-0.0314,0.6072,0.9587392768720372,0.9989509062415154,unchanged
gene_0972,198.143,-0.3367,0.5869,0.5661651651142577,0.9989509062415154,unchanged
gene_0973,596.865,-0.1969,0.5496,0.7201553210384988,0.9989509062415154,unchanged
gene_0974,253.737,0.2759,0.5777,0.6330082555001234,0.9989509062415154,unchanged
gene_0975,204.509,-1.6928,0.5857,0.0038487942113459824,0.08102724655465225,down
gene_0976,1793.626,-0.0484,0.5202,0.925937698025028,0.9989509062415154,unchanged
gene_0977,75.218,0.0088,0.6278,0.988763724358318,0.9989509062415154,unchanged
gene_0978,46.464,-0.3649,0.6511,0.5752323847084718,0.9989509062415154,unchanged
gene_0979,83.237,0.0785,0.6232,0.8998107557912213,0.9989509062415154,unchanged
gene_0980,21.246,-0.2064,0.6916,0.76536363101733,0.9989509062415154,unchanged
gene_0981,72.569,0.0671,0.6295,0.9151346047954798,0.9989509062415154,unchanged
gene_0982,7.702,-2.0007,0.7418,0.006997285574147247,0.1272233740754045,down
gene_0983,34.402,0.0497,0.6664,0.9405072197486133,0.9989509062415154,unchanged
gene_0984,57.733,0.6336,0.6404,0.32246874470970077,0.9989509062415154,unchanged
gene_0985,218.556,0.1452,0.5832,0.8034084912410577,0.9989509062415154,unchanged
gene_0986,267.431,-0.0351,0.5759,0.951358892807219,0.9989509062415154,unchanged
gene_0987,19.995,0.1993,0.6948,0.774192573004066,0.9989509062415154,unchanged
gene_0988,893.407,-0.2162,0.5381,0.6878559171898241,0.9989509062415154,unchanged
gene_0989,80.276,-1.2933,0.6248,0.03845611076828857,0.45242483256810084,down
gene_0990,90.022,0.1138,0.6196,0.8542462284155165,0.9989509062415154,unchanged
gene_0991,8.828,0.1151,0.7357,0.8757043932023945,0.9989509062415154,unchanged
gene_0992,30.72,-0.9987,0.6723,0.13743165350371778,0.9989509062415154,unchanged
gene_0993,247.715,0.0126,0.5786,0.9826669636402312,0.9989509062415154,unchanged
gene_0994,82.453,-0.11,0.6236,0.8600352366637759,0.9989509062415154,unchanged
gene_0995,76.307,0.1331,0.6271,0.83188154443625,0.9989509062415154,unchanged
gene_0996,88.585,0.2982,0.6203,0.6307774812672453,0.9989509062415154,unchanged
gene_0997,10.979,-0.0022,0.7254,0.9976315057659517,0.9989509062415154,unchanged
gene_0998,59.1,-0.4318,0.6393,0.49933947658450595,0.9989509062415154,unchanged
gene_0999,387.77,0.6234,0.5631,0.2682809802929237,0.9989509062415154,unchanged
gene_1000,259.403,-0.2133,0.5769,0.7115794978211336,0.9989509062415154,unchanged
gene_1001,57.026,0.2003,0.641,0.7546278372912956,0.9989509062415154,unchanged
gene_1002,470.872,0.0861,0.5569,0.8771570341909634,0.9989509062415154,unchanged
gene_1003,13.82,0.1696,0.7139,0.8122211707051507,0.9989509062415154,unchanged
gene_1004,19.794,-0.0053,0.6954,0.9939532138840853,0.9989509062415154,unchanged
gene_1005,685.075,0.5889,0.5456,0.28043563063522225,0.9989509062415154,unchanged
gene_1006,137.341,0.0037,0.6014,0.9950481193388451,0.9989509062415154,unchanged
gene_1007,46.474,0.2363,0.6511,0.7167042269936461,0.9989509062415154,unchanged
gene_1008,62.231,0.297,0.6368,0.6409413937295984,0.9989509062415154,unchanged
gene_1009,24.33,0.139,0.6845,0.8390983154690436,0.9989509062415154,unchanged
gene_1010,94.23,0.2566,0.6176,0.6777158817551852,0.9989509062415154,unchanged
gene_1011,85.348,0.2197,0.622,0.7239698489737951,0.9989509062415154,unchanged
gene_1012,68.365,0.4051,0.6323,0.5216780675237398,0.9989509062415154,unchanged
gene_1013,15.647,0.1627,0.7076,0.818095540453565,0.9989509062415154,unchanged
gene_1014,92.846,-0.3715,0.6182,0.5478578235401976,0.9989509062415154,unchanged
gene_1015,34.402,0.0954,0.6664,0.8861313046308664,0.9989509062415154,unchanged
gene_1016,19.444,-0.3335,0.6963,0.6319177559780296,0.9989509062415154,unchanged
gene_1017,324.871,0.2707,0.5691,0.6342562033783989,0.9989509062415154,unchanged
gene_1018,1004.406,-0.1967,0.5349,0.7130570242629726,0.9989509062415154,unchanged
gene_1019,756.177,-0.3973,0.5427,0.46416549415012376,0.9989509062415154,unchanged
gene_1020,150.303,-0.0225,0.5977,0.9699497710959476,0.9989509062415154,unchanged
gene_1021,47.847,2.5712,0.6496,7.563455845929606e-05,0.009100239715752832,up
gene_1022,61.072,-1.3,0.6377,0.041488096942243285,0.48335646923001885,down
gene_1023,110.72,0.317,0.6105,0.6035655851642387,0.9989509062415154,unchanged
gene_1024,39.436,0.6175,0.6594,0.3490411385135399,0.9989509062415154,unchanged
gene_1025,346.718,0.1809,0.5669,0.7496602323101462,0.9989509062415154,unchanged
gene_1026,5.235,-0.1267,0.7577,0.867212478898055,0.9989509062415154,unchanged
gene_1027,46.078,0.1539,0.6515,0.8132822181506345,0.9989509062415154,unchanged
gene_1028,181.515,-0.1697,0.5903,0.7736698619295272,0.9989509062415154,unchanged
gene_1029,23.186,0.5162,0.6871,0.45242197773161286,0.9989509062415154,unchanged
gene_1030,49.393,0.1431,0.6481,0.825184044612679,0.9989509062415154,unchanged
gene_1031,140.058,-0.6532,0.6006,0.2767682758991975,0.9989509062415154,unchanged
gene_1032,444.894,-2.316,0.5587,3.3928860673686384e-05,0.008142926561684732,down
gene_1033,13.231,-0.0296,0.7161,0.9670114926748968,0.9989509062415154,unchanged
gene_1034,12.06,-0.1782,0.7208,0.8047087185995209,0.9989509062415154,unchanged
gene_1035,20.439,-0.8756,0.6937,0.20683410434906035,0.9989509062415154,unchanged
gene_1036,9.758,-0.2319,0.731,0.7510213217184647,0.9989509062415154,unchanged
gene_1037,10.666,0.2437,0.7268,0.7374031764035444,0.9989509062415154,unchanged
gene_1038,19.77,-0.0146,0.6954,0.9832928380577011,0.9989509062415154,unchanged
gene_1039,311.646,-0.1507,0.5705,0.791627166295841,0.9989509062415154,unchanged
gene_1040,45.146,0.1203,0.6525,0.8537678647783361,0.9989509062415154,unchanged
gene_1041,69.354,-0.037,0.6316,0.9532763750181786,0.9989509062415154,unchanged
gene_1042,20.2,0.2341,0.6943,0.7359921775857984,0.9989509062415154,unchanged
gene_1043,147.219,0.1134,0.5986,0.8497911330227192,0.9989509062415154,unchanged
gene_1044,695.551,0.0291,0.5451,0.9574003132156406,0.9989509062415154,unchanged
gene_1045,21.987,-0.2563,0.6898,0.7102931248413973,0.9989509062415154,unchanged
gene_1046,575.901,-0.2687,0.5507,0.6256609910773907,0.9989509062415154,unchanged
gene_1047,105.165,-0.1184,0.6127,0.8468355349705623,0.9989509062415154,unchanged
gene_1048,68.107,0.123,0.6325,0.8458058545413909,0.9989509062415154,unchanged
gene_1049,109.964,0.014,0.6108,0.9816513036048778,0.9989509062415154,unchanged
gene_1050,108.653,2.7467,0.6113,7.020963777558816e-06,0.002808385511023526,up
gene_1051,679.516,2.1746,0.5458,6.772596486058481e-05,0.009100239715752832,up
gene_1052,127.776,0.5254,0.6044,0.3846769675518432,0.9989509062415154,unchanged
gene_1053,131.156,0.0215,0.6033,0.9716194671719262,0.9989509062415154,unchanged
gene_1054,39.375,-0.0759,0.6595,0.9083175825285598,0.9989509062415154,unchanged
gene_1055,190.347,0.1264,0.5884,0.8299270623472299,0.9989509062415154,unchanged
gene_1056,20.165,0.011,0.6944,0.9873821711823264,0.9989509062415154,unchanged
gene_1057,76.421,-0.2616,0.6271,0.6765475542623435,0.9989509062415154,unchanged
gene_1058,2450.64,1.5921,0.513,0.001912018099050608,0.04881748338001552,up
gene_1059,2.915,0.2423,0.7767,0.7550744327282276,0.9989509062415154,unchanged
gene_1060,89.249,0.0525,0.62,0.9325115955842821,0.9989509062415154,unchanged
gene_1061,93.647,-0.3906,0.6178,0.5272680265576499,0.9989509062415154,unchanged
gene_1062,50.143,0.0272,0.6473,0.9664892475675055,0.9989509062415154,unchanged
gene_1063,51.643,-0.1961,0.6458,0.7614335994891082,0.9989509062415154,unchanged
gene_1064,74.758,-0.6127,0.6281,0.32932682387362855,0.9989509062415154,unchanged
gene_1065,48.667,-0.0702,0.6488,0.9138886656356691,0.9989509062415154,unchanged
gene_1066,88.012,0.3623,0.6206,0.5594134809528517,0.9989509062415154,unchanged
gene_1067,36.252,0.2915,0.6637,0.6605748315579387,0.9989509062415154,unchanged
gene_1068,835.467,2.5837,0.5399,1.7071169728913767e-06,0.001024270183734826,up
gene_1069,48.666,-0.0996,0.6488,0.8779996644821483,0.9989509062415154,unchanged
gene_1070,135.913,0.0197,0.6019,0.9738526280085296,0.9989509062415154,unchanged
gene_1071,28.896,-1.7348,0.6755,0.010221734716989932,0.1657578602755124,down
gene_1072,214.097,-0.1869,0.584,0.7489839616321691,0.9989509062415154,unchanged
gene_1073,166.807,-0.4923,0.5936,0.40687646623422224,0.9989509062415154,unchanged
gene_1074,112.626,-0.0332,0.6098,0.9566418526227404,0.9989509062415154,unchanged
gene_1075,18.464,0.3826,0.699,0.5841621849650188,0.9989509062415154,unchanged
gene_1076,26.036,-0.0825,0.681,0.9035838818455667,0.9989509062415154,unchanged
gene_1077,548.79,-1.6673,0.5522,0.002531091061677769,0.0619859035512923,down
gene_1078,25.679,-0.1166,0.6817,0.8641551849122308,0.9989509062415154,unchanged
gene_1079,148.581,-0.1568,0.5982,0.793196980517629,0.9989509062415154,unchanged
gene_1080,20.474,1.4527,0.6936,0.03622074028824635,0.43464888345895625,up
gene_1081,235.21,-0.0423,0.5805,0.941884610692476,0.9989509062415154,unchanged
gene_1082,28.276,0.6148,0.6766,0.36356683681347046,0.9989509062415154,unchanged
gene_1083,20.006,0.0378,0.6948,0.9566063634037711,0.9989509062415154,unchanged
gene_1084,27.373,-0.2942,0.6783,0.6645181730000282,0.9989509062415154,unchanged
gene_1085,33.373,0.0981,0.668,0.8832132708764305,0.9989509062415154,unchanged
gene_1086,110.591,-0.2508,0.6106,0.6812732742615282,0.9989509062415154,unchanged
gene_1087,72.728,-0.1522,0.6294,0.8088560052615472,0.9989509062415154,unchanged
gene_1088,16.963,0.3181,0.7034,0.6510908245440721,0.9989509062415154,unchanged
gene_1089,64.397,0.4681,0.6351,0.46108000670655835,0.9989509062415154,unchanged
gene_1090,15.969,-0.3908,0.7065,0.5801812683410401,0.9989509062415154,unchanged
gene_1091,149.075,-2.3641,0.5981,7.722135577182302e-05,0.009100239715752832,down
gene_1092,187.472,-0.3091,0.589,0.5997904857249099,0.9989509062415154,unchanged
gene_1093,64.72,0.14,0.6349,0.8255166584874816,0.9989509062415154,unchanged
gene_1094,93.65,0.0529,0.6178,0.9317934767039824,0.9989509062415154,unchanged
gene_1095,595.949,0.0483,0.5497,0.9299531959749608,0.9989509062415154,unchanged
gene_1096,54.762,1.5495,0.643,0.01595288333089387,0.2306440963502728,up
gene_1097,20.485,-0.048,0.6936,0.9448423723716662,0.9989509062415154,unchanged
gene_1098,137.551,1.5546,0.6014,0.00973545670893913,0.16362118861451122,up
gene_1099,16.187,-2.2245,0.7058,0.0016242856806804927,0.04237266993079546,down
gene_1100,51.254,-0.3589,0.6462,0.5786755805121295,0.9989509062415154,unchanged
gene_1101,31.54,0.2079,0.6709,0.756622792482876,0.9989509062415154,unchanged
gene_1102,27.736,0.1936,0.6776,0.7750704909294874,0.9989509062415154,unchanged
gene_1103,48.783,-0.0516,0.6487,0.9365456212882668,0.9989509062415154,unchanged
gene_1104,205.38,-0.4046,0.5855,0.4895804657974021,0.9989509062415154,unchanged
gene_1105,265.625,-0.2525,0.5761,0.661232950500454,0.9989509062415154,unchanged
gene_1106,212.248,0.2929,0.5843,0.6161586288340133,0.9989509062415154,unchanged
gene_1107,101.539,0.2791,0.6143,0.6496185275720936,0.9989509062415154,unchanged
gene_1108,48.32,0.3974,0.6491,0.5404475425933757,0.9989509062415154,unchanged
gene_1109,3.5,-0.047,0.7714,0.9514596155380864,0.9989509062415154,unchanged
gene_1110,105.591,-0.1657,0.6126,0.7867411853626012,0.9989509062415154,unchanged
gene_1111,3.861,0.2128,0.7683,0.7818321014652172,0.9989509062415154,unchanged
gene_1112,6.024,-0.6769,0.7522,0.3681958294345241,0.9989509062415154,unchanged
gene_1113,54.484,0.3553,0.6432,0.5806541559315848,0.9989509062415154,unchanged
gene_1114,92.826,0.2101,0.6182,0.7339721692370311,0.9989509062415154,unchanged
gene_1115,37.945,0.2051,0.6614,0.756523906844233,0.9989509062415154,unchanged
gene_1116,454.598,1.8781,0.558,0.0007636260878305563,0.025822554357135638,up
gene_1117,118.822,-0.2398,0.6075,0.6930551084983203,0.9989509062415154,unchanged
gene_1118,48.825,0.2535,0.6486,0.6958881690966301,0.9989509062415154,unchanged
gene_1119,377.242,-0.3559,0.564,0.5280334123387727,0.9989509062415154,unchanged
gene_1120,471.723,-0.0705,0.5568,0.8992955778121512,0.9989509062415154,unchanged
gene_1121,126.558,0.1452,0.6048,0.8102192959032157,0.9989509062415154,unchanged
gene_1122,25.303,0.0506,0.6825,0.9409025821642891,0.9989509062415154,unchanged
gene_1123,33.521,0.0593,0.6678,0.929228879315601,0.9989509062415154,unchanged
gene_1124,10.931,-0.0844,0.7256,0.9073835507823846,0.9989509062415154,unchanged
gene_1125,63.243,-0.2606,0.636,0.6819608620449784,0.9989509062415154,unchanged
gene_1126,17.947,0.4287,0.7005,0.540506758718116,0.9989509062415154,unchanged
gene_1127,44.197,0.9378,0.6536,0.1513585337972001,0.9989509062415154,up
gene_1128,92.365,0.0186,0.6185,0.9760706138918764,0.9989509062415154,unchanged
gene_1129,5.587,-0.4,0.7552,0.5963472286721452,0.9989509062415154,unchanged
gene_1130,13.74,0.3969,0.7142,0.5784226738325231,0.9989509062415154,unchanged
gene_1131,35.39,-0.4717,0.665,0.47810451468636883,0.9989509062415154,unchanged
gene_1132,62.448,-0.3383,0.6366,0.5951049300283675,0.9989509062415154,unchanged
gene_1133,35.968,-0.1004,0.6641,0.8798408906202084,0.9989509062415154,unchanged
gene_1134,47.553,0.1978,0.6499,0.7609165865649872,0.9989509062415154,unchanged
gene_1135,27.585,0.009,0.6779,0.989408309092315,0.9989509062415154,unchanged
gene_1136,10.894,-0.0217,0.7257,0.9761535961807346,0.9989509062415154,unchanged
gene_1137,34.177,0.046,0.6668,0.9449605970240726,0.9989509062415154,unchanged
gene_1138,51.087,0.1966,0.6464,0.7609831926573404,0.9989509062415154,unchanged
gene_1139,45.241,-0.3038,0.6524,0.6414369794568087,0.9989509062415154,unchanged
gene_1140,76.688,0.1839,0.6269,0.7692627457447218,0.9989509062415154,unchanged
gene_1141,112.575,0.0119,0.6098,0.9844334447599811,0.9989509062415154,unchanged
gene_1142,156.359,0.0749,0.5961,0.9000716347379897,0.9989509062415154,unchanged
gene_1143,30.207,0.3488,0.6732,0.604351180505522,0.9989509062415154,unchanged
gene_1144,9.302,-0.7384,0.7333,0.31394369829045454,0.9989509062415154,unchanged
gene_1145,326.848,-0.0338,0.5689,0.9526146895954907,0.9989509062415154,unchanged
gene_1146,107.965,0.1001,0.6116,0.8700391422353959,0.9989509062415154,unchanged
gene_1147,20.22,0.2476,0.6942,0.7213183462091408,0.9989509062415154,unchanged
gene_1148,94.361,0.3091,0.6175,0.616688973406562,0.9989509062415154,unchanged
gene_1149,253.406,0.3323,0.5778,0.5652558540728778,0.9989509062415154,unchanged
gene_1150,579.097,0.2079,0.5505,0.7056449747977633,0.9989509062415154,unchanged
gene_1151,91.219,0.1746,0.619,0.7778726447065243,0.9989509062415154,unchanged
gene_1152,250.783,0.0919,0.5782,0.8737649826933892,0.9989509062415154,unchanged
gene_1153,14.702,0.1423,0.7108,0.8413380356348417,0.9989509062415154,unchanged
gene_1154,63.76,-0.5788,0.6356,0.36253019830527367,0.9989509062415154,unchanged
gene_1155,43.87,-0.0666,0.654,0.918926981588718,0.9989509062415154,unchanged
gene_1156,102.331,-1.0173,0.6139,0.09750239104265926,0.9989509062415154,down
gene_1157,499.692,-0.015,0.555,0.9784575129912426,0.9989509062415154,unchanged
gene_1158,91.137,-0.4405,0.6191,0.4767453926941827,0.9989509062415154,unchanged
gene_1159,20.654,0.2713,0.6931,0.6955267735205404,0.9989509062415154,unchanged
gene_1160,13.745,0.0167,0.7142,0.9813909734736398,0.9989509062415154,unchanged
gene_1161,521.769,0.2909,0.5537,0.5993119853654668,0.9989509062415154,unchanged
gene_1162,126.753,-0.225,0.6048,0.7098154525376312,0.9989509062415154,unchanged
gene_1163,116.758,-1.0011,0.6082,0.09978444702644544,0.9989509062415154,down
gene_1164,43.395,-0.1084,0.6545,0.8684065617696363,0.9989509062415154,unchanged
gene_1165,93.207,0.2048,0.6181,0.7403336640223042,0.9989509062415154,unchanged
gene_1166,19.42,-0.3368,0.6964,0.6286411583109925,0.9989509062415154,unchanged
gene_1167,108.202,-0.3172,0.6115,0.6039885427078122,0.9989509062415154,unchanged
gene_1168,15.355,0.2351,0.7086,0.7400537699976646,0.9989509062415154,unchanged
gene_1169,42.559,-0.2139,0.6555,0.7442355563481885,0.9989509062415154,unchanged
gene_1170,29.856,0.1188,0.6738,0.860010844794351,0.9989509062415154,unchanged
gene_1171,1.137,0.2349,0.7953,0.7677436862749403,0.9989509062415154,unchanged
gene_1172,43.23,-0.4418,0.6547,0.49978382555946765,0.9989509062415154,unchanged
gene_1173,21.681,0.0268,0.6906,0.9690355404215113,0.9989509062415154,unchanged
gene_1174,51.265,0.0343,0.6462,0.9576418106233785,0.9989509062415154,unchanged
gene_1175,66.83,0.1642,0.6334,0.7954268230754533,0.9989509062415154,unchanged
gene_1176,607.842,2.1493,0.5491,9.062095935135859e-05,0.009100239715752832,up
gene_1177,97.601,0.3767,0.616,0.5408438785761418,0.9989509062415154,unchanged
gene_1178,101.255,0.2823,0.6144,0.6459277330720532,0.9989509062415154,unchanged
gene_1179,123.905,-0.0475,0.6057,0.937489547185693,0.9989509062415154,unchanged
gene_1180,198.296,0.0084,0.5869,0.9885126498372838,0.9989509062415154,unchanged
gene_1181,117.666,-1.9648,0.6079,0.001228865210120943,0.035966786637686134,down
gene_1182,94.835,-0.6569,0.6173,0.28726426276495065,0.9989509062415154,unchanged
gene_1183,162.237,0.0361,0.5947,0.9515376051867398,0.9989509062415154,unchanged
gene_1184,3.211,0.5701,0.7739,0.4613102726379831,0.9989509062415154,unchanged
gene_1185,908.064,0.304,0.5376,0.5717565949767127,0.9989509062415154,unchanged
gene_1186,486.464,-0.1021,0.5559,0.8543310102025938,0.9989509062415154,unchanged
gene_1187,87.481,-1.3511,0.6209,0.029548995740844766,0.3699776010451941,down
gene_1188,11.401,-0.2449,0.7235,0.7349675610855392,0.9989509062415154,unchanged
gene_1189,302.759,-0.1987,0.5715,0.7280195909407272,0.9989509062415154,unchanged
gene_1190,28.013,0.0492,0.6771,0.9420451746230795,0.9989509062415154,unchanged
gene_1191,129.97,-0.3822,0.6037,0.5266509561610513,0.9989509062415154,unchanged
gene_1192,13.415,0.508,0.7154,0.4777046771460022,0.9989509062415154,unchanged
gene_1193,1078.157,0.1352,0.533,0.7997081428126318,0.9989509062415154,unchanged
gene_1194,10.993,-0.0248,0.7253,0.9727707705812498,0.9989509062415154,unchanged
gene_1195,72.692,2.23,0.6294,0.0003956558889044198,0.016371967816734615,up
gene_1196,4.699,0.9306,0.7616,0.22174119250918556,0.9989509062415154,unchanged
gene_1197,63.337,-1.5899,0.6359,0.012412246874460249,0.19343761362795192,down
gene_1198,39.189,-0.044,0.6597,0.9468679620253925,0.9989509062415154,unchanged
gene_1199,276.298,0.6894,0.5747,0.23031627942397181,0.9989509062415154,unchanged
