target,ligand_id,logP,molecular_weight,ring_count,vina_score
Kinase_A,KIN_0000,2.9,278.9,3,-8.11
Kinase_A,KIN_0001,1.15,412.3,3,-6.44
Kinase_A,KIN_0002,3.48,317.9,4,-7.21
Kinase_A,KIN_0003,3.72,394.1,1,-6.39
Kinase_A,KIN_0004,-0.04,294.6,2,-4.18
Kinase_A,KIN_0005,0.81,406.8,3,-5.9
Kinase_A,KIN_0006,2.67,331.6,3,-6.62
Kinase_A,KIN_0007,2.09,303.0,2,-8.04
Kinase_A,KIN_0008,2.48,422.8,1,-7.85
Kinase_A,KIN_0009,1.39,394.5,1,-7.36
Kinase_A,KIN_0010,3.64,343.2,2,-7.49
Kinase_A,KIN_0011,3.51,467.1,4,-8.15
Kinase_A,KIN_0012,2.59,353.6,4,-7.1
Kinase_A,KIN_0013,3.97,381.9,2,-7.16
Kinase_A,KIN_0014,3.11,396.1,3,-8.35
Kinase_A,KIN_0015,1.38,342.8,1,-7.41
Kinase_A,KIN_0016,2.98,408.3,3,-7.3
Kinase_A,KIN_0017,1.25,348.0,2,-6.16
Kinase_A,KIN_0018,3.64,355.3,2,-6.05
Kinase_A,KIN_0019,2.44,461.8,8,-5.71
Kinase_A,KIN_0020,2.26,317.6,4,-7.15
Kinase_A,KIN_0021,1.61,235.2,3,-7.6
Kinase_A,KIN_0022,4.09,476.7,2,-8.2
Kinase_A,KIN_0023,2.3,533.0,2,-7.25
Kinase_A,KIN_0024,1.94,355.7,3,-7.73
Kinase_A,KIN_0025,2.04,263.8,3,-7.55
Kinase_A,KIN_0026,3.19,361.4,5,-7.81
Kinase_A,KIN_0027,2.98,362.8,6,-7.57
Kinase_A,KIN_0028,3.04,368.6,3,-6.84
Kinase_A,KIN_0029,3.06,313.2,3,-7.38
Kinase_A,KIN_0030,5.28,414.8,1,-5.44
Kinase_A,KIN_0031,1.97,411.5,2,-7.88
Kinase_A,KIN_0032,1.83,290.3,4,-8.18
Kinase_A,KIN_0033,1.44,422.0,5,-7.15
Kinase_A,KIN_0034,3.3,503.2,2,-7.44
Kinase_A,KIN_0035,3.97,390.3,2,-5.96
Kinase_A,KIN_0036,2.35,359.8,4,-7.35
Kinase_A,KIN_0037,1.41,371.5,6,-6.23
Kinase_A,KIN_0038,1.43,416.9,2,-7.14
Kinase_A,KIN_0039,3.35,276.2,5,-8.11
Kinase_A,KIN_0040,3.47,389.9,4,-7.92
Kinase_A,KIN_0041,3.21,356.6,2,-7.88
Kinase_A,KIN_0042,1.63,490.9,3,-5.75
Kinase_A,KIN_0043,2.8,369.5,6,-7.99
Kinase_A,KIN_0044,2.65,480.1,5,-6.99
Kinase_A,KIN_0045,2.78,313.8,3,-8.04
Kinase_A,KIN_0046,3.63,415.2,3,-6.7
Kinase_A,KIN_0047,2.79,399.2,3,-7.27
Kinase_A,KIN_0048,3.38,327.9,3,-7.48
Kinase_A,KIN_0049,2.59,390.6,3,-7.51
Kinase_A,KIN_0050,2.88,452.8,5,-7.89
Kinase_A,KIN_0051,3.32,360.6,4,-7.14
Kinase_A,KIN_0052,0.61,278.5,2,-6.09
Kinase_A,KIN_0053,2.08,378.9,2,-8.06
Kinase_A,KIN_0054,1.89,325.9,4,-7.98
Kinase_A,KIN_0055,1.67,359.5,1,-6.95
Kinase_A,KIN_0056,2.14,375.1,1,-6.4
Kinase_A,KIN_0057,4.44,277.7,1,-6.46
Kinase_A,KIN_0058,1.37,283.1,4,-6.86
Kinase_A,KIN_0059,3.76,408.9,1,-7.01
Kinase_A,KIN_0060,0.31,348.6,6,-4.55
Kinase_A,KIN_0061,2.06,226.1,2,-7.18
Kinase_A,KIN_0062,2.71,427.1,5,-7.74
Kinase_A,KIN_0063,3.26,396.3,3,-6.76
Kinase_A,KIN_0064,3.42,337.2,4,-7.11
Kinase_A,KIN_0065,3.53,301.0,2,-6.39
Kinase_A,KIN_0066,2.05,430.1,3,-7.19
Kinase_A,KIN_0067,1.9,401.0,1,-7.95
Kinase_A,KIN_0068,3.62,523.0,3,-8.09
Kinase_A,KIN_0069,2.25,405.2,4,-6.4
Kinase_A,KIN_0070,0.84,403.3,5,-5.12
Kinase_A,KIN_0071,1.03,370.0,3,-6.51
Kinase_A,KIN_0072,1.3,429.0,3,-6.95
Kinase_A,KIN_0073,3.15,417.5,2,-6.58
Kinase_A,KIN_0074,2.69,455.1,3,-8.16
Kinase_A,KIN_0075,3.4,348.7,3,-7.91
Kinase_A,KIN_0076,1.94,353.9,3,-6.86
Kinase_A,KIN_0077,2.71,351.3,1,-7.73
Kinase_A,KIN_0078,3.31,427.4,3,-7.41
Kinase_A,KIN_0079,2.1,469.9,5,-7.43
Kinase_A,KIN_0080,3.09,352.5,4,-7.27
Kinase_A,KIN_0081,1.64,354.5,4,-6.18
Kinase_A,KIN_0082,2.03,398.8,6,-7.24
Kinase_A,KIN_0083,2.0,365.3,3,-6.89
Kinase_A,KIN_0084,0.95,437.1,1,-7.53
Kinase_A,KIN_0085,3.13,244.9,2,-7.49
Kinase_A,KIN_0086,1.89,330.4,2,-7.72
Kinase_A,KIN_0087,2.52,333.1,2,-8.2
Kinase_A,KIN_0088,3.12,240.8,2,-7.99
Kinase_A,KIN_0089,3.08,322.2,4,-7.67
Kinase_A,KIN_0090,3.37,325.1,2,-6.84
Kinase_A,KIN_0091,2.37,367.9,5,-8.23
Kinase_A,KIN_0092,1.95,446.8,5,-7.23
Kinase_A,KIN_0093,2.4,365.3,2,-7.73
Kinase_A,KIN_0094,0.31,318.2,2,-5.52
Kinase_A,KIN_0095,0.62,376.6,6,-5.23
Kinase_A,KIN_0096,0.78,443.0,3,-5.75
Kinase_A,KIN_0097,1.2,321.4,4,-5.81
Kinase_A,KIN_0098,3.02,325.4,3,-7.58
Kinase_A,KIN_0099,1.32,413.5,2,-7.15
Kinase_A,KIN_0100,2.01,366.7,4,-7.41
Kinase_A,KIN_0101,4.19,418.8,4,-6.68
Kinase_A,KIN_0102,2.04,379.2,3,-7.19
Kinase_A,KIN_0103,3.46,422.1,3,-8.0
Kinase_A,KIN_0104,1.29,317.9,7,-6.64
Kinase_A,KIN_0105,2.23,379.3,4,-7.25
Kinase_A,KIN_0106,1.26,367.4,1,-5.16
Kinase_A,KIN_0107,2.06,307.0,4,-6.18
Kinase_A,KIN_0108,3.59,286.2,2,-7.79
Kinase_A,KIN_0109,0.25,421.1,1,-5.4
Kinase_A,KIN_0110,3.06,358.9,4,-8.35
Kinase_A,KIN_0111,2.81,318.7,1,-7.85
Kinase_A,KIN_0112,1.73,374.2,5,-6.91
Kinase_A,KIN_0113,0.62,447.7,8,-5.11
Kinase_A,KIN_0114,2.59,243.2,7,-7.92
Kinase_A,KIN_0115,1.81,290.2,4,-7.55
Kinase_A,KIN_0116,2.8,324.6,1,-8.79
Kinase_A,KIN_0117,2.53,467.7,6,-7.57
Kinase_A,KIN_0118,4.58,397.0,2,-7.03
Kinase_A,KIN_0119,2.19,426.0,5,-7.69
Protease_B,PRO_0000,1.02,336.1,2,-6.11
Protease_B,PRO_0001,1.04,435.0,2,-5.14
Protease_B,PRO_0002,3.08,373.5,4,-6.99
Protease_B,PRO_0003,2.58,364.8,4,-7.08
Protease_B,PRO_0004,3.21,413.7,3,-6.2
Protease_B,PRO_0005,2.26,302.5,3,-6.68
Protease_B,PRO_0006,2.86,401.2,6,-6.63
Protease_B,PRO_0007,2.71,494.8,3,-6.79
Protease_B,PRO_0008,3.51,408.0,5,-6.42
Protease_B,PRO_0009,3.55,357.4,4,-6.35
Protease_B,PRO_0010,0.39,349.6,3,-5.94
Protease_B,PRO_0011,-0.42,355.4,1,-2.77
Protease_B,PRO_0012,3.8,364.8,4,-7.04
Protease_B,PRO_0013,4.04,357.3,2,-7.12
Protease_B,PRO_0014,1.17,435.0,4,-5.91
Protease_B,PRO_0015,0.08,276.0,2,-4.16
Protease_B,PRO_0016,2.63,431.7,2,-7.21
Protease_B,PRO_0017,3.71,357.2,4,-6.01
Protease_B,PRO_0018,4.84,402.6,4,-6.15
Protease_B,PRO_0019,3.17,312.4,4,-7.0
Protease_B,PRO_0020,2.02,459.7,2,-6.94
Protease_B,PRO_0021,1.34,454.7,4,-6.08
Protease_B,PRO_0022,2.51,437.6,5,-6.6
Protease_B,PRO_0023,2.11,289.1,3,-7.24
Protease_B,PRO_0024,1.18,429.7,9,-5.45
Protease_B,PRO_0025,5.16,404.3,3,-4.81
Protease_B,PRO_0026,4.82,283.7,3,-6.51
Protease_B,PRO_0027,3.98,378.5,4,-7.49
Protease_B,PRO_0028,1.3,401.9,1,-6.02
Protease_B,PRO_0029,3.61,413.4,4,-6.7
Protease_B,PRO_0030,3.33,390.6,2,-6.76
Protease_B,PRO_0031,3.08,397.5,3,-6.79
Protease_B,PRO_0032,4.12,468.4,2,-6.05
Protease_B,PRO_0033,3.33,453.6,4,-6.13
Protease_B,PRO_0034,3.46,208.0,2,-7.31
Protease_B,PRO_0035,3.33,361.0,4,-7.41
Protease_B,PRO_0036,2.94,370.1,3,-7.45
Protease_B,PRO_0037,0.18,274.9,7,-4.23
Protease_B,PRO_0038,2.61,385.7,1,-6.04
Protease_B,PRO_0039,1.78,454.9,4,-6.69
Protease_B,PRO_0040,0.84,314.8,2,-6.95
Protease_B,PRO_0041,4.69,400.2,6,-6.58
Protease_B,PRO_0042,4.75,325.1,4,-5.97
Protease_B,PRO_0043,4.27,339.7,4,-6.38
Protease_B,PRO_0044,2.83,468.6,2,-7.04
Protease_B,PRO_0045,4.26,347.4,1,-6.04
Protease_B,PRO_0046,2.52,407.7,1,-6.96
Protease_B,PRO_0047,2.76,267.7,1,-6.17
Protease_B,PRO_0048,1.08,491.7,3,-6.17
Protease_B,PRO_0049,3.02,416.2,3,-7.3
Protease_B,PRO_0050,2.58,369.1,3,-6.5
Protease_B,PRO_0051,0.81,414.5,3,-6.33
Protease_B,PRO_0052,2.43,295.4,3,-6.52
Protease_B,PRO_0053,2.4,451.0,5,-6.68
Protease_B,PRO_0054,4.84,360.6,2,-5.44
Protease_B,PRO_0055,3.66,367.8,2,-5.59
Protease_B,PRO_0056,2.51,350.5,1,-7.14
Protease_B,PRO_0057,2.82,345.2,2,-5.56
Protease_B,PRO_0058,2.56,421.7,4,-6.91
Protease_B,PRO_0059,2.24,395.4,4,-7.45
Protease_B,PRO_0060,1.09,419.1,4,-5.74
Protease_B,PRO_0061,2.3,379.5,4,-7.36
Protease_B,PRO_0062,1.53,410.8,4,-6.69
Protease_B,PRO_0063,0.87,354.9,1,-5.26
Protease_B,PRO_0064,3.16,513.8,3,-6.42
Protease_B,PRO_0065,3.01,285.9,5,-7.16
Protease_B,PRO_0066,0.18,455.7,3,-3.8
Protease_B,PRO_0067,2.34,462.1,3,-6.03
Protease_B,PRO_0068,3.79,328.9,1,-5.59
Protease_B,PRO_0069,3.88,513.8,4,-6.08
Protease_B,PRO_0070,3.83,439.7,5,-5.61
Protease_B,PRO_0071,2.55,438.3,3,-7.91
Protease_B,PRO_0072,1.4,381.7,3,-6.31
Protease_B,PRO_0073,1.09,367.0,2,-6.3
Protease_B,PRO_0074,2.95,367.4,2,-6.72
Protease_B,PRO_0075,2.99,403.4,3,-7.13
Protease_B,PRO_0076,4.17,464.1,1,-6.24
Protease_B,PRO_0077,3.93,390.9,2,-5.22
Protease_B,PRO_0078,2.33,325.3,4,-6.82
Protease_B,PRO_0079,0.88,429.5,1,-5.26
Protease_B,PRO_0080,2.09,435.3,1,-6.76
Protease_B,PRO_0081,2.78,419.3,2,-6.75
Protease_B,PRO_0082,2.24,424.7,2,-6.69
Protease_B,PRO_0083,1.75,363.7,5,-6.14
Protease_B,PRO_0084,2.83,324.3,4,-6.1
Protease_B,PRO_0085,1.84,327.9,4,-5.49
Protease_B,PRO_0086,1.68,281.9,4,-6.18
Protease_B,PRO_0087,2.9,394.2,2,-6.44
Protease_B,PRO_0088,1.98,375.0,2,-7.25
Protease_B,PRO_0089,2.82,353.6,1,-6.85
Protease_B,PRO_0090,2.86,202.7,4,-6.23
Protease_B,PRO_0091,1.02,305.2,5,-5.17
Protease_B,PRO_0092,1.87,447.3,3,-6.37
Protease_B,PRO_0093,4.37,340.1,4,-5.41
Protease_B,PRO_0094,0.99,401.6,3,-5.36
Protease_B,PRO_0095,-0.25,296.6,3,-2.82
Protease_B,PRO_0096,0.08,466.3,3,-4.04
Protease_B,PRO_0097,2.54,371.4,5,-6.99
Protease_B,PRO_0098,2.54,397.4,1,-6.57
Protease_B,PRO_0099,2.35,519.5,5,-8.49
Protease_B,PRO_0100,4.08,471.0,1,-6.0
Protease_B,PRO_0101,-0.97,361.6,3,-4.0
Protease_B,PRO_0102,3.01,344.4,5,-7.82
Protease_B,PRO_0103,4.53,360.5,4,-5.48
Protease_B,PRO_0104,1.03,410.6,3,-5.42
Protease_B,PRO_0105,2.01,373.7,7,-7.28
Protease_B,PRO_0106,1.52,356.3,4,-6.65
Protease_B,PRO_0107,1.34,468.0,6,-5.23
Protease_B,PRO_0108,2.08,373.1,3,-6.91
Protease_B,PRO_0109,4.36,518.0,4,-4.61
Protease_B,PRO_0110,4.89,385.4,2,-5.27
Protease_B,PRO_0111,2.06,487.1,4,-6.37
Protease_B,PRO_0112,4.98,401.4,4,-4.17
Protease_B,PRO_0113,2.55,437.8,3,-6.7
Protease_B,PRO_0114,4.78,336.5,2,-6.03
Protease_B,PRO_0115,2.38,328.8,2,-6.8
Protease_B,PRO_0116,2.67,407.6,5,-6.82
Protease_B,PRO_0117,2.98,439.3,5,-7.61
Protease_B,PRO_0118,6.63,382.4,1,-1.81
Protease_B,PRO_0119,3.61,302.8,4,-7.02
GPCR_C,GPC_0000,0.73,345.6,4,-4.75
GPCR_C,GPC_0001,0.64,302.8,3,-5.73
GPCR_C,GPC_0002,0.2,377.9,5,-4.43
GPCR_C,GPC_0003,2.64,383.2,2,-8.71
GPCR_C,GPC_0004,3.96,250.6,2,-9.0
GPCR_C,GPC_0005,2.48,325.1,2,-7.87
GPCR_C,GPC_0006,-0.44,404.4,2,-2.93
GPCR_C,GPC_0007,2.25,403.2,6,-7.34
GPCR_C,GPC_0008,2.29,310.8,3,-7.33
GPCR_C,GPC_0009,5.22,389.5,2,-7.08
GPCR_C,GPC_0010,0.61,441.3,3,-4.92
GPCR_C,GPC_0011,1.99,426.6,3,-6.35
GPCR_C,GPC_0012,4.72,374.3,3,-8.4
GPCR_C,GPC_0013,3.08,351.9,3,-8.14
GPCR_C,GPC_0014,3.23,342.2,4,-7.47
GPCR_C,GPC_0015,2.65,408.1,3,-7.12
GPCR_C,GPC_0016,2.93,391.7,3,-8.9
GPCR_C,GPC_0017,3.51,417.8,4,-8.38
GPCR_C,GPC_0018,1.45,387.9,3,-5.76
GPCR_C,GPC_0019,3.64,429.1,2,-7.89
GPCR_C,GPC_0020,0.72,385.7,4,-5.17
GPCR_C,GPC_0021,2.93,427.1,5,-8.17
GPCR_C,GPC_0022,2.73,432.2,5,-8.17
GPCR_C,GPC_0023,1.7,331.7,5,-6.76
GPCR_C,GPC_0024,2.47,271.5,3,-7.9
GPCR_C,GPC_0025,1.69,472.6,2,-6.95
GPCR_C,GPC_0026,1.11,395.4,1,-5.98
GPCR_C,GPC_0027,2.04,277.1,4,-7.76
GPCR_C,GPC_0028,1.06,337.2,2,-5.63
GPCR_C,GPC_0029,2.92,426.3,3,-6.29
GPCR_C,GPC_0030,1.0,363.2,3,-6.91
GPCR_C,GPC_0031,3.43,349.3,4,-7.99
GPCR_C,GPC_0032,0.96,464.1,5,-6.22
GPCR_C,GPC_0033,1.76,317.2,2,-6.67
GPCR_C,GPC_0034,1.69,332.1,8,-6.89
GPCR_C,GPC_0035,4.22,392.7,4,-7.61
GPCR_C,GPC_0036,2.93,403.4,6,-7.34
GPCR_C,GPC_0037,2.22,409.8,4,-7.42
GPCR_C,GPC_0038,3.15,434.7,3,-7.45
GPCR_C,GPC_0039,-0.24,391.9,2,-4.45
GPCR_C,GPC_0040,2.44,409.4,3,-6.78
GPCR_C,GPC_0041,5.1,364.4,3,-7.19
GPCR_C,GPC_0042,2.67,383.8,1,-7.25
GPCR_C,GPC_0043,2.59,386.5,2,-8.57
GPCR_C,GPC_0044,3.21,392.9,3,-8.65
GPCR_C,GPC_0045,3.66,426.4,1,-8.11
GPCR_C,GPC_0046,-0.1,413.3,2,-3.43
GPCR_C,GPC_0047,0.31,382.7,3,-4.25
GPCR_C,GPC_0048,2.77,331.5,3,-7.31
GPCR_C,GPC_0049,1.57,384.1,3,-7.82
GPCR_C,GPC_0050,4.21,378.3,3,-7.49
GPCR_C,GPC_0051,2.09,391.6,2,-7.4
GPCR_C,GPC_0052,-0.01,512.4,6,-3.75
GPCR_C,GPC_0053,0.85,348.6,3,-6.44
GPCR_C,GPC_0054,-1.07,405.3,1,-0.25
GPCR_C,GPC_0055,2.2,444.1,3,-8.96
GPCR_C,GPC_0056,2.26,385.9,5,-7.18
GPCR_C,GPC_0057,1.95,520.3,2,-8.14
GPCR_C,GPC_0058,3.9,357.3,3,-8.14
GPCR_C,GPC_0059,4.06,399.4,1,-8.2
GPCR_C,GPC_0060,2.28,332.1,2,-6.89
GPCR_C,GPC_0061,-0.28,358.9,2,-3.05
GPCR_C,GPC_0062,3.3,394.9,5,-8.59
GPCR_C,GPC_0063,3.22,430.8,3,-8.45
GPCR_C,GPC_0064,2.9,399.1,6,-7.27
GPCR_C,GPC_0065,3.78,455.5,5,-7.87
GPCR_C,GPC_0066,0.99,374.3,3,-6.04
GPCR_C,GPC_0067,5.11,360.1,5,-7.54
GPCR_C,GPC_0068,1.25,542.2,4,-7.21
GPCR_C,GPC_0069,3.47,403.7,2,-7.96
GPCR_C,GPC_0070,0.31,336.8,5,-5.46
GPCR_C,GPC_0071,1.29,338.3,5,-5.88
GPCR_C,GPC_0072,4.47,323.4,3,-7.86
GPCR_C,GPC_0073,2.16,436.2,1,-6.04
GPCR_C,GPC_0074,3.59,358.1,3,-8.86
GPCR_C,GPC_0075,2.81,387.6,3,-8.04
GPCR_C,GPC_0076,2.36,376.2,5,-6.59
GPCR_C,GPC_0077,4.27,423.9,3,-7.33
GPCR_C,GPC_0078,2.19,329.2,3,-7.92
GPCR_C,GPC_0079,0.19,315.5,2,-3.98
GPCR_C,GPC_0080,1.46,393.5,1,-6.59
GPCR_C,GPC_0081,3.22,416.1,2,-7.98
GPCR_C,GPC_0082,3.01,400.0,3,-8.5
GPCR_C,GPC_0083,0.46,331.4,2,-4.81
GPCR_C,GPC_0084,1.56,420.6,4,-7.7
GPCR_C,GPC_0085,1.74,335.4,1,-6.91
GPCR_C,GPC_0086,2.02,348.7,3,-7.06
GPCR_C,GPC_0087,0.71,323.4,4,-5.42
GPCR_C,GPC_0088,1.68,458.1,1,-7.88
GPCR_C,GPC_0089,1.55,418.0,3,-6.14
GPCR_C,GPC_0090,3.5,416.3,1,-7.98
GPCR_C,GPC_0091,3.55,454.8,3,-8.63
GPCR_C,GPC_0092,2.31,548.8,4,-7.79
GPCR_C,GPC_0093,1.99,277.4,4,-8.19
GPCR_C,GPC_0094,2.68,335.7,3,-8.52
GPCR_C,GPC_0095,1.44,343.0,3,-6.89
GPCR_C,GPC_0096,1.01,329.0,4,-5.11
GPCR_C,GPC_0097,1.28,315.3,3,-6.7
GPCR_C,GPC_0098,1.67,362.0,1,-6.52
GPCR_C,GPC_0099,0.99,307.0,4,-6.13
GPCR_C,GPC_0100,2.71,400.1,5,-7.77
GPCR_C,GPC_0101,3.45,383.1,4,-8.28
GPCR_C,GPC_0102,0.44,408.9,5,-4.17
GPCR_C,GPC_0103,2.53,410.5,2,-8.12
GPCR_C,GPC_0104,2.21,416.2,2,-8.47
GPCR_C,GPC_0105,2.94,357.6,3,-8.88
GPCR_C,GPC_0106,2.48,507.3,2,-8.08
GPCR_C,GPC_0107,0.61,394.1,4,-5.82
GPCR_C,GPC_0108,0.86,268.3,3,-5.32
GPCR_C,GPC_0109,2.54,319.9,3,-8.08
GPCR_C,GPC_0110,3.84,275.6,2,-6.76
GPCR_C,GPC_0111,-0.38,381.0,3,-3.7
GPCR_C,GPC_0112,2.95,372.7,7,-7.93
GPCR_C,GPC_0113,4.05,351.9,2,-8.81
GPCR_C,GPC_0114,2.3,500.7,2,-7.91
GPCR_C,GPC_0115,3.22,412.9,2,-8.06
GPCR_C,GPC_0116,1.59,423.6,3,-8.18
GPCR_C,GPC_0117,2.34,324.1,1,-7.51
GPCR_C,GPC_0118,0.39,320.1,2,-3.46
GPCR_C,GPC_0119,-0.55,382.2,1,-2.45
