inhibitor,replicate,substrate_conc,rate
none,0,0.5,9.67
none,0,1.0,11.47
none,0,2.0,22.86
none,0,4.0,34.89
none,0,8.0,52.71
none,0,16.0,65.14
none,0,32.0,79.48
none,0,64.0,88.38
none,1,0.5,7.25
none,1,1.0,13.09
none,1,2.0,20.31
none,1,4.0,35.53
none,1,8.0,48.59
none,1,16.0,68.88
none,1,32.0,82.54
none,1,64.0,90.58
none,2,0.5,6.22
none,2,1.0,12.89
none,2,2.0,17.76
none,2,4.0,33.83
none,2,8.0,50.75
none,2,16.0,63.34
none,2,32.0,81.19
none,2,64.0,85.77
none,3,0.5,4.81
none,3,1.0,11.21
none,3,2.0,18.17
none,3,4.0,33.54
none,3,8.0,50.17
none,3,16.0,64.62
none,3,32.0,81.42
none,3,64.0,86.98
competitive,0,0.5,7.76
competitive,0,1.0,3.73
competitive,0,2.0,4.76
competitive,0,4.0,11.82
competitive,0,8.0,27.87
competitive,0,16.0,38.98
competitive,0,32.0,53.73
competitive,0,64.0,74.86
competitive,1,0.5,1.0
competitive,1,1.0,5.63
competitive,1,2.0,10.03
competitive,1,4.0,14.97
competitive,1,8.0,30.99
competitive,1,16.0,35.69
competitive,1,32.0,55.1
competitive,1,64.0,72.09
competitive,2,0.5,7.69
competitive,2,1.0,8.5
competitive,2,2.0,10.91
competitive,2,4.0,12.3
competitive,2,8.0,23.31
competitive,2,16.0,37.93
competitive,2,32.0,55.18
competitive,2,64.0,76.46
competitive,3,0.5,1.43
competitive,3,1.0,3.72
competitive,3,2.0,9.63
competitive,3,4.0,10.13
competitive,3,8.0,25.13
competitive,3,16.0,37.26
competitive,3,32.0,56.41
competitive,3,64.0,71.26
noncompetitive,0,0.5,1.64
noncompetitive,0,1.0,6.68
noncompetitive,0,2.0,11.55
noncompetitive,0,4.0,17.78
noncompetitive,0,8.0,28.43
noncompetitive,0,16.0,34.5
noncompetitive,0,32.0,45.7
noncompetitive,0,64.0,48.37
noncompetitive,1,0.5,2.03
noncompetitive,1,1.0,4.12
noncompetitive,1,2.0,10.4
noncompetitive,1,4.0,23.01
noncompetitive,1,8.0,27.34
noncompetitive,1,16.0,33.81
noncompetitive,1,32.0,46.3
noncompetitive,1,64.0,47.71
noncompetitive,2,0.5,3.94
noncompetitive,2,1.0,4.6
noncompetitive,2,2.0,14.2
noncompetitive,2,4.0,16.86
noncompetitive,2,8.0,30.99
noncompetitive,2,16.0,34.04
noncompetitive,2,32.0,43.27
noncompetitive,2,64.0,52.39
noncompetitive,3,0.5,3.66
noncompetitive,3,1.0,11.79
noncompetitive,3,2.0,10.33
noncompetitive,3,4.0,18.98
noncompetitive,3,8.0,32.26
noncompetitive,3,16.0,32.88
noncompetitive,3,32.0,39.91
noncompetitive,3,64.0,46.9
