gene,direction,condition,replicate,expression
TP53,down,control,0,7.269
TP53,down,control,1,7.939
TP53,down,control,2,7.769
TP53,down,control,3,7.136
TP53,down,control,4,7.365
TP53,down,control,5,7.737
TP53,down,control,6,7.275
TP53,down,control,7,7.503
TP53,down,control,8,7.616
TP53,down,control,9,7.612
TP53,down,control,10,7.564
TP53,down,control,11,7.246
TP53,down,control,12,7.282
TP53,down,control,13,7.078
TP53,down,control,14,6.929
TP53,down,treatment,0,6.235
TP53,down,treatment,1,6.561
TP53,down,treatment,2,5.792
TP53,down,treatment,3,6.371
TP53,down,treatment,4,6.55
TP53,down,treatment,5,5.632
TP53,down,treatment,6,6.18
TP53,down,treatment,7,6.851
TP53,down,treatment,8,6.468
TP53,down,treatment,9,5.621
TP53,down,treatment,10,6.506
TP53,down,treatment,11,6.013
TP53,down,treatment,12,6.517
TP53,down,treatment,13,6.034
TP53,down,treatment,14,6.257
MYC,up,control,0,7.786
MYC,up,control,1,7.586
MYC,up,control,2,7.707
MYC,up,control,3,7.374
MYC,up,control,4,7.957
MYC,up,control,5,7.846
MYC,up,control,6,7.219
MYC,up,control,7,8.133
MYC,up,control,8,7.723
MYC,up,control,9,7.842
MYC,up,control,10,8.053
MYC,up,control,11,7.9
MYC,up,control,12,8.193
MYC,up,control,13,7.682
MYC,up,control,14,8.147
MYC,up,treatment,0,9.428
MYC,up,treatment,1,9.563
MYC,up,treatment,2,9.526
MYC,up,treatment,3,9.819
MYC,up,treatment,4,9.637
MYC,up,treatment,5,9.23
MYC,up,treatment,6,9.161
MYC,up,treatment,7,9.368
MYC,up,treatment,8,9.119
MYC,up,treatment,9,9.017
MYC,up,treatment,10,8.64
MYC,up,treatment,11,8.843
MYC,up,treatment,12,10.08
MYC,up,treatment,13,9.155
MYC,up,treatment,14,10.051
GAPDH,unchanged,control,0,8.144
GAPDH,unchanged,control,1,7.636
GAPDH,unchanged,control,2,8.163
GAPDH,unchanged,control,3,8.824
GAPDH,unchanged,control,4,8.706
GAPDH,unchanged,control,5,8.257
GAPDH,unchanged,control,6,7.759
GAPDH,unchanged,control,7,7.826
GAPDH,unchanged,control,8,7.863
GAPDH,unchanged,control,9,8.609
GAPDH,unchanged,control,10,8.732
GAPDH,unchanged,control,11,8.23
GAPDH,unchanged,control,12,8.055
GAPDH,unchanged,control,13,8.703
GAPDH,unchanged,control,14,7.819
GAPDH,unchanged,treatment,0,8.179
GAPDH,unchanged,treatment,1,8.323
GAPDH,unchanged,treatment,2,7.859
GAPDH,unchanged,treatment,3,7.939
GAPDH,unchanged,treatment,4,7.911
GAPDH,unchanged,treatment,5,8.657
GAPDH,unchanged,treatment,6,8.831
GAPDH,unchanged,treatment,7,8.201
GAPDH,unchanged,treatment,8,8.067
GAPDH,unchanged,treatment,9,7.951
GAPDH,unchanged,treatment,10,8.162
GAPDH,unchanged,treatment,11,7.969
GAPDH,unchanged,treatment,12,8.127
GAPDH,unchanged,treatment,13,8.306
GAPDH,unchanged,treatment,14,8.019
IL6,up,control,0,7.859
IL6,up,control,1,7.813
IL6,up,control,2,7.77
IL6,up,control,3,8.191
IL6,up,control,4,7.304
IL6,up,control,5,8.475
IL6,up,control,6,7.972
IL6,up,control,7,8.138
IL6,up,control,8,8.178
IL6,up,control,9,7.676
IL6,up,control,10,7.604
IL6,up,control,11,7.563
IL6,up,control,12,7.838
IL6,up,control,13,8.169
IL6,up,control,14,7.72
IL6,up,treatment,0,10.237
IL6,up,treatment,1,9.195
IL6,up,treatment,2,9.889
IL6,up,treatment,3,10.433
IL6,up,treatment,4,9.964
IL6,up,treatment,5,9.734
IL6,up,treatment,6,9.794
IL6,up,treatment,7,8.964
IL6,up,treatment,8,9.67
IL6,up,treatment,9,10.394
IL6,up,treatment,10,9.82
IL6,up,treatment,11,9.862
IL6,up,treatment,12,9.208
IL6,up,treatment,13,9.453
IL6,up,treatment,14,10.441
ACTB,unchanged,control,0,7.793
ACTB,unchanged,control,1,8.026
ACTB,unchanged,control,2,8.237
ACTB,unchanged,control,3,7.828
ACTB,unchanged,control,4,7.545
ACTB,unchanged,control,5,8.191
ACTB,unchanged,control,6,8.447
ACTB,unchanged,control,7,8.454
ACTB,unchanged,control,8,8.553
ACTB,unchanged,control,9,7.703
ACTB,unchanged,control,10,8.267
ACTB,unchanged,control,11,8.153
ACTB,unchanged,control,12,8.216
ACTB,unchanged,control,13,8.173
ACTB,unchanged,control,14,8.016
ACTB,unchanged,treatment,0,7.241
ACTB,unchanged,treatment,1,8.704
ACTB,unchanged,treatment,2,8.412
ACTB,unchanged,treatment,3,7.777
ACTB,unchanged,treatment,4,8.463
ACTB,unchanged,treatment,5,8.14
ACTB,unchanged,treatment,6,8.15
ACTB,unchanged,treatment,7,8.028
ACTB,unchanged,treatment,8,8.485
ACTB,unchanged,treatment,9,8.017
ACTB,unchanged,treatment,10,7.913
ACTB,unchanged,treatment,11,8.693
ACTB,unchanged,treatment,12,8.234
ACTB,unchanged,treatment,13,8.245
ACTB,unchanged,treatment,14,8.539
CDKN1A,down,control,0,7.569
CDKN1A,down,control,1,7.84
CDKN1A,down,control,2,7.193
CDKN1A,down,control,3,7.81
CDKN1A,down,control,4,7.468
CDKN1A,down,control,5,8.032
CDKN1A,down,control,6,7.924
CDKN1A,down,control,7,7.878
CDKN1A,down,control,8,7.171
CDKN1A,down,control,9,7.697
CDKN1A,down,control,10,7.321
CDKN1A,down,control,11,7.72
CDKN1A,down,control,12,6.923
CDKN1A,down,control,13,7.194
CDKN1A,down,control,14,8.149
CDKN1A,down,treatment,0,7.062
CDKN1A,down,treatment,1,6.809
CDKN1A,down,treatment,2,6.615
CDKN1A,down,treatment,3,6.553
CDKN1A,down,treatment,4,7.003
CDKN1A,down,treatment,5,6.813
CDKN1A,down,treatment,6,7.474
CDKN1A,down,treatment,7,6.868
CDKN1A,down,treatment,8,6.954
CDKN1A,down,treatment,9,6.447
CDKN1A,down,treatment,10,6.807
CDKN1A,down,treatment,11,6.995
CDKN1A,down,treatment,12,6.802
CDKN1A,down,treatment,13,6.763
CDKN1A,down,treatment,14,7.047
