sample_id,glucose,pyruvate,lactate,citrate,alpha_ketoglutarate,succinate,glutamine,alanine,serine
S000,1.033,0.428,1.17,2.434,1.68,1.713,1.712,2.084,1.437
S001,-1.495,-1.503,-0.751,-0.511,-0.985,-0.401,-1.47,-0.909,-1.525
S002,0.639,0.086,0.087,1.728,1.667,2.025,-0.656,-0.985,0.467
S003,0.635,0.477,0.308,0.682,-0.38,-0.069,0.334,0.535,0.547
S004,1.767,2.138,1.617,1.281,1.077,0.98,0.048,-0.543,0.207
S005,1.119,1.262,0.586,-0.273,-0.795,-1.315,0.78,0.016,1.553
S006,1.379,0.944,0.121,-0.032,0.04,-0.559,-0.182,0.122,0.674
S007,1.829,1.846,0.966,0.213,0.143,0.417,1.238,2.001,2.171
S008,0.424,-0.36,-0.049,0.587,-0.368,0.453,1.71,0.149,-1.044
S009,-0.669,-0.869,-1.215,0.882,1.064,0.603,1.221,0.839,0.334
S010,-2.289,-1.696,-0.706,-0.256,-1.235,-0.225,0.049,-0.352,-0.414
S011,-0.142,-0.231,-1.194,0.121,0.41,-0.164,-0.504,0.037,-0.122
S012,0.275,-0.311,-0.425,0.84,1.622,0.57,-0.55,-0.629,-0.211
S013,-0.043,-0.047,-0.586,-0.117,-0.63,-0.284,-1.628,-1.775,-0.344
S014,-2.708,-1.902,-2.154,1.009,0.978,0.977,1.398,0.626,1.091
S015,-0.682,-0.034,0.017,0.415,-0.185,-0.607,0.601,1.129,0.086
S016,0.206,-0.57,-0.069,0.301,0.804,0.252,-0.506,-0.669,0.847
S017,0.512,-0.038,0.28,0.07,-0.115,-0.699,1.029,0.844,0.544
S018,1.903,1.383,0.612,-0.507,-1.577,-1.181,-0.885,0.338,0.65
S019,0.22,0.637,-0.132,-0.492,-0.241,-0.431,-1.726,-1.764,-1.107
S020,-0.523,-0.783,-0.486,0.197,0.799,0.563,1.352,0.943,1.087
S021,-1.67,-1.862,-1.293,-0.173,0.132,-0.389,-1.756,-0.597,-1.192
S022,1.019,-0.275,0.81,0.988,1.052,0.853,-0.038,0.25,0.023
S023,-1.705,-0.358,-0.222,1.061,0.94,0.772,0.738,-0.368,0.016
S024,0.373,0.442,0.506,0.114,0.62,0.232,0.274,0.023,0.497
S025,1.252,0.729,0.237,-0.86,-0.645,-0.886,0.552,0.8,2.244
S026,-1.112,-1.999,-1.384,-0.679,0.391,0.176,0.892,1.236,0.292
S027,1.306,-0.105,0.349,2.483,1.372,1.374,0.101,0.135,0.879
S028,1.227,0.714,0.594,-1.349,-0.407,-0.712,-0.721,-0.83,0.73
S029,0.774,0.771,0.291,-0.021,0.396,-0.075,-0.151,0.403,0.089
S030,-2.878,-2.265,-1.44,0.055,0.009,0.447,-2.103,-0.957,-1.765
S031,-0.508,-0.651,0.375,-0.643,-0.419,0.26,1.345,1.522,0.317
S032,-1.5,-1.187,-1.091,-1.24,-0.395,-0.086,-1.768,-1.461,-0.634
S033,1.707,1.334,0.365,-0.863,-0.57,-0.894,-0.316,-0.49,0.512
S034,0.118,-0.33,-0.235,-0.312,-0.302,0.03,-0.741,-0.969,-0.929
S035,-1.856,-2.229,-1.391,-0.581,-1.222,-0.312,0.085,-0.079,-1.98
S036,-0.001,-0.186,0.139,0.905,1.325,1.386,0.049,-0.085,-0.761
S037,0.389,0.268,0.883,0.509,0.108,-0.044,-0.068,-0.432,-0.503
S038,0.241,0.164,0.648,-0.146,-0.445,-0.468,1.189,0.505,0.88
S039,0.455,0.432,-0.069,-0.254,0.23,0.455,0.051,0.927,0.121
S040,-0.455,-0.272,-0.376,1.158,0.371,0.883,-1.187,-0.309,-0.369
S041,-0.724,-0.346,-0.057,-0.214,-0.512,0.368,0.53,0.324,-0.406
S042,0.309,-0.886,0.241,0.839,0.625,0.756,0.678,0.988,0.543
S043,0.291,-0.293,-0.851,-1.128,-1.203,-0.996,1.371,0.761,-0.441
S044,0.609,1.113,0.613,1.161,1.809,-0.105,-0.81,-1.511,-0.237
S045,0.227,0.957,0.255,0.209,0.358,-0.651,-1.003,-1.405,0.125
S046,0.055,0.289,0.419,0.027,-0.426,-0.194,0.552,0.881,0.52
S047,1.165,1.424,0.93,-0.828,0.26,-0.96,1.171,0.314,0.88
S048,-1.125,-1.085,-0.959,-2.038,-1.155,-0.595,-0.331,-0.758,-0.083
S049,-1.376,-0.909,-0.903,-1.456,-1.322,-1.774,0.469,0.1,0.564
S050,0.438,0.831,0.418,-0.912,-0.251,-0.773,-1.087,-1.074,0.28
S051,-0.392,-0.156,0.234,0.899,-0.318,0.256,1.214,1.468,2.245
S052,0.364,1.474,0.578,-0.769,-0.864,-0.239,0.41,1.12,0.071
S053,-1.389,-0.996,-0.287,-1.688,-1.468,-1.405,-0.539,-1.154,-1.841
S054,2.563,0.645,1.419,-0.5,-0.645,-0.501,-0.18,-0.155,0.397
S055,0.799,0.756,0.507,-0.303,-0.16,-0.21,-1.169,-0.361,0.054
S056,0.126,-0.533,0.258,-0.28,-0.307,0.102,0.327,0.08,0.247
S057,-0.983,-0.329,0.242,-0.184,-0.153,0.243,-0.255,0.578,-0.102
S058,0.328,1.135,1.12,1.706,1.252,0.761,-1.016,-1.098,-0.817
S059,-0.833,-1.176,-0.689,0.964,1.12,0.258,-1.155,-0.619,-1.199
