sample,body_site,species,relative_abundance
gut_00,gut,Bacteroides_fragilis,0.10624
gut_00,gut,Faecalibacterium_prausnitzii,0.15301
gut_00,gut,Escherichia_coli,0.07907
gut_00,gut,Lactobacillus_acidophilus,0.12666
gut_00,gut,Prevotella_copri,0.11552
gut_00,gut,Bifidobacterium_longum,0.13698
gut_00,gut,Staphylococcus_epidermidis,0.0027
gut_00,gut,Cutibacterium_acnes,0.05803
gut_00,gut,Corynebacterium_striatum,0.00162
gut_00,gut,Streptococcus_mitis,0.02033
gut_00,gut,Akkermansia_muciniphila,0.11643
gut_00,gut,Ruminococcus_bromii,0.08341
gut_01,gut,Bacteroides_fragilis,0.20629
gut_01,gut,Faecalibacterium_prausnitzii,0.22742
gut_01,gut,Escherichia_coli,0.05567
gut_01,gut,Lactobacillus_acidophilus,0.04978
gut_01,gut,Prevotella_copri,0.20312
gut_01,gut,Bifidobacterium_longum,0.13863
gut_01,gut,Staphylococcus_epidermidis,0.00437
gut_01,gut,Cutibacterium_acnes,0.00017
gut_01,gut,Corynebacterium_striatum,0.0
gut_01,gut,Streptococcus_mitis,0.00854
gut_01,gut,Akkermansia_muciniphila,0.05963
gut_01,gut,Ruminococcus_bromii,0.04638
gut_02,gut,Bacteroides_fragilis,0.116
gut_02,gut,Faecalibacterium_prausnitzii,0.19458
gut_02,gut,Escherichia_coli,0.03236
gut_02,gut,Lactobacillus_acidophilus,0.09564
gut_02,gut,Prevotella_copri,0.11998
gut_02,gut,Bifidobacterium_longum,0.1161
gut_02,gut,Staphylococcus_epidermidis,0.03252
gut_02,gut,Cutibacterium_acnes,0.00718
gut_02,gut,Corynebacterium_striatum,0.00027
gut_02,gut,Streptococcus_mitis,0.03318
gut_02,gut,Akkermansia_muciniphila,0.09567
gut_02,gut,Ruminococcus_bromii,0.15652
gut_03,gut,Bacteroides_fragilis,0.23234
gut_03,gut,Faecalibacterium_prausnitzii,0.23732
gut_03,gut,Escherichia_coli,0.03255
gut_03,gut,Lactobacillus_acidophilus,0.09263
gut_03,gut,Prevotella_copri,0.0773
gut_03,gut,Bifidobacterium_longum,0.09964
gut_03,gut,Staphylococcus_epidermidis,0.0005
gut_03,gut,Cutibacterium_acnes,1e-05
gut_03,gut,Corynebacterium_striatum,0.07306
gut_03,gut,Streptococcus_mitis,0.01716
gut_03,gut,Akkermansia_muciniphila,0.06134
gut_03,gut,Ruminococcus_bromii,0.07616
gut_04,gut,Bacteroides_fragilis,0.22064
gut_04,gut,Faecalibacterium_prausnitzii,0.27436
gut_04,gut,Escherichia_coli,0.07462
gut_04,gut,Lactobacillus_acidophilus,0.044
gut_04,gut,Prevotella_copri,0.09071
gut_04,gut,Bifidobacterium_longum,0.06128
gut_04,gut,Staphylococcus_epidermidis,0.00615
gut_04,gut,Cutibacterium_acnes,0.00632
gut_04,gut,Corynebacterium_striatum,0.00143
gut_04,gut,Streptococcus_mitis,0.05919
gut_04,gut,Akkermansia_muciniphila,0.01513
gut_04,gut,Ruminococcus_bromii,0.14619
gut_05,gut,Bacteroides_fragilis,0.1105
gut_05,gut,Faecalibacterium_prausnitzii,0.09921
gut_05,gut,Escherichia_coli,0.03301
gut_05,gut,Lactobacillus_acidophilus,0.07247
gut_05,gut,Prevotella_copri,0.23575
gut_05,gut,Bifidobacterium_longum,0.07095
gut_05,gut,Staphylococcus_epidermidis,0.00473
gut_05,gut,Cutibacterium_acnes,0.00071
gut_05,gut,Corynebacterium_striatum,0.0
gut_05,gut,Streptococcus_mitis,0.07277
gut_05,gut,Akkermansia_muciniphila,0.20756
gut_05,gut,Ruminococcus_bromii,0.09236
gut_06,gut,Bacteroides_fragilis,0.13482
gut_06,gut,Faecalibacterium_prausnitzii,0.17731
gut_06,gut,Escherichia_coli,0.09973
gut_06,gut,Lactobacillus_acidophilus,0.04742
gut_06,gut,Prevotella_copri,0.14078
gut_06,gut,Bifidobacterium_longum,0.15099
gut_06,gut,Staphylococcus_epidermidis,0.01834
gut_06,gut,Cutibacterium_acnes,0.02981
gut_06,gut,Corynebacterium_striatum,0.03389
gut_06,gut,Streptococcus_mitis,0.00832
gut_06,gut,Akkermansia_muciniphila,0.03852
gut_06,gut,Ruminococcus_bromii,0.12007
gut_07,gut,Bacteroides_fragilis,0.24784
gut_07,gut,Faecalibacterium_prausnitzii,0.17563
gut_07,gut,Escherichia_coli,0.03947
gut_07,gut,Lactobacillus_acidophilus,0.03717
gut_07,gut,Prevotella_copri,0.21311
gut_07,gut,Bifidobacterium_longum,0.10043
gut_07,gut,Staphylococcus_epidermidis,0.01586
gut_07,gut,Cutibacterium_acnes,0.00204
gut_07,gut,Corynebacterium_striatum,0.01567
gut_07,gut,Streptococcus_mitis,0.00709
gut_07,gut,Akkermansia_muciniphila,0.08465
gut_07,gut,Ruminococcus_bromii,0.06104
gut_08,gut,Bacteroides_fragilis,0.18315
gut_08,gut,Faecalibacterium_prausnitzii,0.23922
gut_08,gut,Escherichia_coli,0.05036
gut_08,gut,Lactobacillus_acidophilus,0.07589
gut_08,gut,Prevotella_copri,0.18863
gut_08,gut,Bifidobacterium_longum,0.0952
gut_08,gut,Staphylococcus_epidermidis,0.016
gut_08,gut,Cutibacterium_acnes,0.00366
gut_08,gut,Corynebacterium_striatum,0.01064
gut_08,gut,Streptococcus_mitis,0.00915
gut_08,gut,Akkermansia_muciniphila,0.06617
gut_08,gut,Ruminococcus_bromii,0.06192
gut_09,gut,Bacteroides_fragilis,0.14945
gut_09,gut,Faecalibacterium_prausnitzii,0.11372
gut_09,gut,Escherichia_coli,0.0772
gut_09,gut,Lactobacillus_acidophilus,0.07105
gut_09,gut,Prevotella_copri,0.28183
gut_09,gut,Bifidobacterium_longum,0.13817
gut_09,gut,Staphylococcus_epidermidis,0.00074
gut_09,gut,Cutibacterium_acnes,0.00126
gut_09,gut,Corynebacterium_striatum,0.00072
gut_09,gut,Streptococcus_mitis,0.00434
gut_09,gut,Akkermansia_muciniphila,0.11926
gut_09,gut,Ruminococcus_bromii,0.04226
gut_10,gut,Bacteroides_fragilis,0.16207
gut_10,gut,Faecalibacterium_prausnitzii,0.10953
gut_10,gut,Escherichia_coli,0.04003
gut_10,gut,Lactobacillus_acidophilus,0.05455
gut_10,gut,Prevotella_copri,0.25477
gut_10,gut,Bifidobacterium_longum,0.10375
gut_10,gut,Staphylococcus_epidermidis,0.00349
gut_10,gut,Cutibacterium_acnes,0.00502
gut_10,gut,Corynebacterium_striatum,0.00083
gut_10,gut,Streptococcus_mitis,0.08361
gut_10,gut,Akkermansia_muciniphila,0.06549
gut_10,gut,Ruminococcus_bromii,0.11685
gut_11,gut,Bacteroides_fragilis,0.22305
gut_11,gut,Faecalibacterium_prausnitzii,0.14665
gut_11,gut,Escherichia_coli,0.05037
gut_11,gut,Lactobacillus_acidophilus,0.11459
gut_11,gut,Prevotella_copri,0.10823
gut_11,gut,Bifidobacterium_longum,0.10203
gut_11,gut,Staphylococcus_epidermidis,0.02943
gut_11,gut,Cutibacterium_acnes,0.00238
gut_11,gut,Corynebacterium_striatum,0.00028
gut_11,gut,Streptococcus_mitis,0.03119
gut_11,gut,Akkermansia_muciniphila,0.09858
gut_11,gut,Ruminococcus_bromii,0.09321
skin_00,skin,Bacteroides_fragilis,0.00762
skin_00,skin,Faecalibacterium_prausnitzii,0.0273
skin_00,skin,Escherichia_coli,0.07787
skin_00,skin,Lactobacillus_acidophilus,0.00798
skin_00,skin,Prevotella_copri,0.0031
skin_00,skin,Bifidobacterium_longum,0.01485
skin_00,skin,Staphylococcus_epidermidis,0.29221
skin_00,skin,Cutibacterium_acnes,0.31321
skin_00,skin,Corynebacterium_striatum,0.21363
skin_00,skin,Streptococcus_mitis,0.04213
skin_00,skin,Akkermansia_muciniphila,0.0
skin_00,skin,Ruminococcus_bromii,0.0001
skin_01,skin,Bacteroides_fragilis,0.00012
skin_01,skin,Faecalibacterium_prausnitzii,0.05651
skin_01,skin,Escherichia_coli,0.10269
skin_01,skin,Lactobacillus_acidophilus,0.04348
skin_01,skin,Prevotella_copri,0.0
skin_01,skin,Bifidobacterium_longum,1e-05
skin_01,skin,Staphylococcus_epidermidis,0.27926
skin_01,skin,Cutibacterium_acnes,0.33561
skin_01,skin,Corynebacterium_striatum,0.1237
skin_01,skin,Streptococcus_mitis,0.03994
skin_01,skin,Akkermansia_muciniphila,0.01718
skin_01,skin,Ruminococcus_bromii,0.0015
skin_02,skin,Bacteroides_fragilis,0.0
skin_02,skin,Faecalibacterium_prausnitzii,0.0
skin_02,skin,Escherichia_coli,0.01252
skin_02,skin,Lactobacillus_acidophilus,0.00935
skin_02,skin,Prevotella_copri,0.00455
skin_02,skin,Bifidobacterium_longum,0.0
skin_02,skin,Staphylococcus_epidermidis,0.41663
skin_02,skin,Cutibacterium_acnes,0.37333
skin_02,skin,Corynebacterium_striatum,0.15753
skin_02,skin,Streptococcus_mitis,0.01918
skin_02,skin,Akkermansia_muciniphila,0.00682
skin_02,skin,Ruminococcus_bromii,7e-05
skin_03,skin,Bacteroides_fragilis,0.00037
skin_03,skin,Faecalibacterium_prausnitzii,0.00114
skin_03,skin,Escherichia_coli,0.04321
skin_03,skin,Lactobacillus_acidophilus,0.00024
skin_03,skin,Prevotella_copri,7e-05
skin_03,skin,Bifidobacterium_longum,0.00098
skin_03,skin,Staphylococcus_epidermidis,0.31701
skin_03,skin,Cutibacterium_acnes,0.34556
skin_03,skin,Corynebacterium_striatum,0.20851
skin_03,skin,Streptococcus_mitis,0.041
skin_03,skin,Akkermansia_muciniphila,0.03682
skin_03,skin,Ruminococcus_bromii,0.00509
skin_04,skin,Bacteroides_fragilis,0.00044
skin_04,skin,Faecalibacterium_prausnitzii,0.00717
skin_04,skin,Escherichia_coli,0.03076
skin_04,skin,Lactobacillus_acidophilus,0.0101
skin_04,skin,Prevotella_copri,0.02052
skin_04,skin,Bifidobacterium_longum,0.00024
skin_04,skin,Staphylococcus_epidermidis,0.45789
skin_04,skin,Cutibacterium_acnes,0.20331
skin_04,skin,Corynebacterium_striatum,0.15712
skin_04,skin,Streptococcus_mitis,0.11192
skin_04,skin,Akkermansia_muciniphila,0.00019
skin_04,skin,Ruminococcus_bromii,0.00035
skin_05,skin,Bacteroides_fragilis,0.00697
skin_05,skin,Faecalibacterium_prausnitzii,0.12365
skin_05,skin,Escherichia_coli,0.07446
skin_05,skin,Lactobacillus_acidophilus,0.00125
skin_05,skin,Prevotella_copri,0.00184
skin_05,skin,Bifidobacterium_longum,0.00286
skin_05,skin,Staphylococcus_epidermidis,0.38725
skin_05,skin,Cutibacterium_acnes,0.14313
skin_05,skin,Corynebacterium_striatum,0.17821
skin_05,skin,Streptococcus_mitis,0.05169
skin_05,skin,Akkermansia_muciniphila,0.02171
skin_05,skin,Ruminococcus_bromii,0.00698
skin_06,skin,Bacteroides_fragilis,0.05475
skin_06,skin,Faecalibacterium_prausnitzii,0.01638
skin_06,skin,Escherichia_coli,0.04749
skin_06,skin,Lactobacillus_acidophilus,0.00744
skin_06,skin,Prevotella_copri,0.0
skin_06,skin,Bifidobacterium_longum,0.00118
skin_06,skin,Staphylococcus_epidermidis,0.31518
skin_06,skin,Cutibacterium_acnes,0.29746
skin_06,skin,Corynebacterium_striatum,0.20035
skin_06,skin,Streptococcus_mitis,0.05897
skin_06,skin,Akkermansia_muciniphila,0.0
skin_06,skin,Ruminococcus_bromii,0.0008
skin_07,skin,Bacteroides_fragilis,0.00408
skin_07,skin,Faecalibacterium_prausnitzii,0.04861
skin_07,skin,Escherichia_coli,0.04155
skin_07,skin,Lactobacillus_acidophilus,0.01996
skin_07,skin,Prevotella_copri,0.00334
skin_07,skin,Bifidobacterium_longum,0.01541
skin_07,skin,Staphylococcus_epidermidis,0.34827
skin_07,skin,Cutibacterium_acnes,0.26692
skin_07,skin,Corynebacterium_striatum,0.13812
skin_07,skin,Streptococcus_mitis,0.11374
skin_07,skin,Akkermansia_muciniphila,0.0
skin_07,skin,Ruminococcus_bromii,1e-05
skin_08,skin,Bacteroides_fragilis,0.02102
skin_08,skin,Faecalibacterium_prausnitzii,0.00156
skin_08,skin,Escherichia_coli,0.00033
skin_08,skin,Lactobacillus_acidophilus,0.0013
skin_08,skin,Prevotella_copri,0.00013
skin_08,skin,Bifidobacterium_longum,0.00395
skin_08,skin,Staphylococcus_epidermidis,0.36347
skin_08,skin,Cutibacterium_acnes,0.3268
skin_08,skin,Corynebacterium_striatum,0.22469
skin_08,skin,Streptococcus_mitis,0.03754
skin_08,skin,Akkermansia_muciniphila,0.0
skin_08,skin,Ruminococcus_bromii,0.01921
skin_09,skin,Bacteroides_fragilis,0.01524
skin_09,skin,Faecalibacterium_prausnitzii,1e-05
skin_09,skin,Escherichia_coli,0.07607
skin_09,skin,Lactobacillus_acidophilus,0.00056
skin_09,skin,Prevotella_copri,0.01028
skin_09,skin,Bifidobacterium_longum,6e-05
skin_09,skin,Staphylococcus_epidermidis,0.29838
skin_09,skin,Cutibacterium_acnes,0.11735
skin_09,skin,Corynebacterium_striatum,0.39662
skin_09,skin,Streptococcus_mitis,0.01965
skin_09,skin,Akkermansia_muciniphila,0.01236
skin_09,skin,Ruminococcus_bromii,0.05342
skin_10,skin,Bacteroides_fragilis,0.00107
skin_10,skin,Faecalibacterium_prausnitzii,0.05506
skin_10,skin,Escherichia_coli,0.01561
skin_10,skin,Lactobacillus_acidophilus,0.00436
skin_10,skin,Prevotella_copri,0.03328
skin_10,skin,Bifidobacterium_longum,0.00045
skin_10,skin,Staphylococcus_epidermidis,0.33296
skin_10,skin,Cutibacterium_acnes,0.22188
skin_10,skin,Corynebacterium_striatum,0.21222
skin_10,skin,Streptococcus_mitis,0.123
skin_10,skin,Akkermansia_muciniphila,0.0
skin_10,skin,Ruminococcus_bromii,0.00011
skin_11,skin,Bacteroides_fragilis,0.0006
skin_11,skin,Faecalibacterium_prausnitzii,0.0
skin_11,skin,Escherichia_coli,0.01759
skin_11,skin,Lactobacillus_acidophilus,0.01045
skin_11,skin,Prevotella_copri,0.00214
skin_11,skin,Bifidobacterium_longum,2e-05
skin_11,skin,Staphylococcus_epidermidis,0.37577
skin_11,skin,Cutibacterium_acnes,0.36659
skin_11,skin,Corynebacterium_striatum,0.1782
skin_11,skin,Streptococcus_mitis,0.04823
skin_11,skin,Akkermansia_muciniphila,0.00041
skin_11,skin,Ruminococcus_bromii,0.0
