gene_family,genomes_present,prevalence,frequency_class
GF_0000,36,1.0,Core
GF_0001,36,1.0,Core
GF_0002,36,1.0,Core
GF_0003,36,1.0,Core
GF_0004,36,1.0,Core
GF_0005,36,1.0,Core
GF_0006,36,1.0,Core
GF_0007,36,1.0,Core
GF_0008,36,1.0,Core
GF_0009,36,1.0,Core
GF_0010,36,1.0,Core
GF_0011,36,1.0,Core
GF_0012,36,1.0,Core
GF_0013,36,1.0,Core
GF_0014,36,1.0,Core
GF_0015,36,1.0,Core
GF_0016,36,1.0,Core
GF_0017,36,1.0,Core
GF_0018,36,1.0,Core
GF_0019,36,1.0,Core
GF_0020,36,1.0,Core
GF_0021,36,1.0,Core
GF_0022,36,1.0,Core
GF_0023,36,1.0,Core
GF_0024,36,1.0,Core
GF_0025,36,1.0,Core
GF_0026,36,1.0,Core
GF_0027,36,1.0,Core
GF_0028,36,1.0,Core
GF_0029,36,1.0,Core
GF_0030,36,1.0,Core
GF_0031,36,1.0,Core
GF_0032,36,1.0,Core
GF_0033,36,1.0,Core
GF_0034,36,1.0,Core
GF_0035,36,1.0,Core
GF_0036,36,1.0,Core
GF_0037,36,1.0,Core
GF_0038,36,1.0,Core
GF_0039,36,1.0,Core
GF_0040,36,1.0,Core
GF_0041,36,1.0,Core
GF_0042,36,1.0,Core
GF_0043,36,1.0,Core
GF_0044,36,1.0,Core
GF_0045,35,0.9722,Soft core
GF_0046,35,0.9722,Soft core
GF_0047,35,0.9722,Soft core
GF_0048,35,0.9722,Soft core
GF_0049,35,0.9722,Soft core
GF_0050,34,0.9444,Shell
GF_0051,34,0.9444,Shell
GF_0052,34,0.9444,Shell
GF_0053,34,0.9444,Shell
GF_0054,34,0.9444,Shell
GF_0055,12,0.3333,Shell
GF_0056,14,0.3889,Shell
GF_0057,12,0.3333,Shell
GF_0058,14,0.3889,Shell
GF_0059,15,0.4167,Shell
GF_0060,13,0.3611,Shell
GF_0061,13,0.3611,Shell
GF_0062,14,0.3889,Shell
GF_0063,15,0.4167,Shell
GF_0064,10,0.2778,Shell
GF_0065,16,0.4444,Shell
GF_0066,13,0.3611,Shell
GF_0067,9,0.25,Shell
GF_0068,16,0.4444,Shell
GF_0069,13,0.3611,Shell
GF_0070,15,0.4167,Shell
GF_0071,10,0.2778,Shell
GF_0072,12,0.3333,Shell
GF_0073,14,0.3889,Shell
GF_0074,9,0.25,Shell
GF_0075,15,0.4167,Shell
GF_0076,17,0.4722,Shell
GF_0077,11,0.3056,Shell
GF_0078,16,0.4444,Shell
GF_0079,14,0.3889,Shell
GF_0080,1,0.0278,Cloud
GF_0081,1,0.0278,Cloud
GF_0082,1,0.0278,Cloud
GF_0083,3,0.0833,Cloud
GF_0084,2,0.0556,Cloud
GF_0085,2,0.0556,Cloud
GF_0086,2,0.0556,Cloud
GF_0087,4,0.1111,Cloud
GF_0088,2,0.0556,Cloud
GF_0089,2,0.0556,Cloud
GF_0090,4,0.1111,Cloud
GF_0091,4,0.1111,Cloud
GF_0092,4,0.1111,Cloud
GF_0093,3,0.0833,Cloud
GF_0094,4,0.1111,Cloud
GF_0095,1,0.0278,Cloud
GF_0096,4,0.1111,Cloud
GF_0097,4,0.1111,Cloud
GF_0098,4,0.1111,Cloud
GF_0099,4,0.1111,Cloud
