clade,trait1,trait2
Clade_A,0.937,1.479
Clade_A,0.619,1.408
Clade_A,1.441,1.77
Clade_A,1.218,1.087
Clade_A,1.085,0.64
Clade_A,1.215,1.154
Clade_A,1.369,1.258
Clade_A,1.363,1.798
Clade_A,0.497,0.853
Clade_A,1.538,1.352
Clade_A,1.153,1.16
Clade_A,0.739,1.047
Clade_A,1.141,1.347
Clade_A,1.207,0.91
Clade_A,1.649,1.037
Clade_A,0.372,1.184
Clade_A,1.795,0.913
Clade_A,1.014,1.631
Clade_A,0.696,0.214
Clade_A,0.678,0.668
Clade_A,0.399,1.06
Clade_A,-0.045,0.476
Clade_A,1.406,0.813
Clade_A,2.189,1.853
Clade_A,0.029,0.54
Clade_A,0.43,0.661
Clade_A,1.451,1.08
Clade_A,0.973,1.023
Clade_A,1.501,1.122
Clade_A,0.939,1.869
Clade_A,0.652,0.774
Clade_A,0.864,0.845
Clade_A,-0.429,0.074
Clade_A,0.314,1.295
Clade_A,1.569,0.789
Clade_A,1.715,1.569
Clade_A,1.844,1.43
Clade_A,1.265,0.697
Clade_A,-0.354,0.019
Clade_A,0.619,0.951
Clade_B,4.981,7.24
Clade_B,5.656,7.626
Clade_B,6.537,8.282
Clade_B,5.602,7.314
Clade_B,4.628,6.71
Clade_B,4.992,7.216
Clade_B,5.329,8.024
Clade_B,5.289,6.945
Clade_B,5.591,7.684
Clade_B,5.687,7.896
Clade_B,6.538,6.96
Clade_B,5.498,7.568
Clade_B,4.809,7.394
Clade_B,6.192,7.574
Clade_B,6.258,7.464
Clade_B,5.639,7.267
Clade_B,5.352,7.258
Clade_B,5.874,7.45
Clade_B,5.373,7.209
Clade_B,4.267,6.873
Clade_B,5.838,7.96
Clade_B,6.035,7.187
Clade_B,6.365,7.115
Clade_B,5.062,7.694
Clade_B,5.636,7.405
Clade_B,5.649,7.341
Clade_B,5.551,7.404
Clade_B,5.569,7.522
Clade_B,5.522,7.249
Clade_B,5.627,7.647
Clade_B,5.944,7.244
Clade_B,6.232,7.576
Clade_B,5.046,6.491
Clade_B,5.397,7.799
Clade_B,5.246,7.275
Clade_B,5.161,7.541
Clade_B,4.53,7.252
Clade_B,5.515,7.623
Clade_B,5.788,7.523
Clade_B,5.407,7.528
Clade_C,1.623,0.124
Clade_C,1.497,0.341
Clade_C,2.139,0.808
Clade_C,1.792,1.598
Clade_C,3.055,2.759
Clade_C,2.425,1.587
Clade_C,1.77,0.553
Clade_C,2.037,0.862
Clade_C,2.28,1.153
Clade_C,2.159,0.963
Clade_C,2.363,2.132
Clade_C,2.241,1.168
Clade_C,1.366,-0.697
Clade_C,0.909,-1.044
Clade_C,1.976,1.288
Clade_C,2.536,1.716
Clade_C,1.983,0.927
Clade_C,2.942,2.822
Clade_C,2.172,0.986
Clade_C,3.014,2.743
Clade_C,2.891,2.103
Clade_C,2.831,2.448
Clade_C,1.478,0.08
Clade_C,2.21,1.231
Clade_C,2.934,2.688
Clade_C,2.363,1.807
Clade_C,2.533,1.741
Clade_C,1.367,-0.114
Clade_C,3.351,3.587
Clade_C,1.725,0.794
Clade_C,1.003,-0.632
Clade_C,1.989,0.755
Clade_C,0.732,-0.544
Clade_C,1.549,0.364
Clade_C,3.735,3.545
Clade_C,1.972,0.998
Clade_C,1.343,0.133
Clade_C,2.215,1.303
Clade_C,1.661,0.913
Clade_C,2.719,2.519
