sample_id,batch,coverage_mean,duplicates_pct,gc_content,q30_pct
SMP000,batch_1,51.71,29.5,41.22,92.91
SMP001,batch_2,45.29,29.55,43.53,91.88
SMP002,batch_2,62.7,16.07,42.27,91.51
SMP003,batch_1,63.46,17.46,44.6,95.04
SMP004,batch_2,62.81,20.4,41.52,94.06
SMP005,batch_1,66.49,21.99,37.59,94.61
SMP006,batch_2,57.1,22.75,40.74,94.91
SMP007,batch_1,73.84,9.56,42.29,95.12
SMP008,batch_3,66.3,15.02,40.46,91.88
SMP009,batch_3,63.25,23.62,42.64,91.91
SMP010,batch_1,48.93,20.51,40.84,89.74
SMP011,batch_2,78.83,18.77,39.51,95.88
SMP012,batch_2,58.41,27.23,38.29,94.15
SMP013,batch_1,72.02,10.43,40.02,93.22
SMP014,batch_3,63.79,16.16,41.51,92.86
SMP015,batch_2,69.92,10.66,36.1,93.75
SMP016,batch_1,63.85,15.1,39.05,93.5
SMP017,batch_2,69.86,13.93,36.01,95.14
SMP018,batch_3,54.36,24.56,39.46,91.59
SMP019,batch_2,34.39,25.15,43.99,91.28
SMP020,batch_3,74.8,8.68,38.03,95.51
SMP021,batch_1,63.39,12.26,42.76,95.39
SMP022,batch_3,60.74,15.79,48.12,91.48
SMP023,batch_1,52.6,19.35,44.63,94.46
SMP024,batch_2,63.09,17.76,41.33,95.89
SMP025,batch_2,60.13,15.14,43.15,95.65
SMP026,batch_1,69.21,11.27,37.58,94.19
SMP027,batch_3,48.56,21.48,37.07,90.31
SMP028,batch_2,68.46,13.36,41.07,92.38
SMP029,batch_2,76.89,10.16,42.0,93.76
SMP030,batch_2,62.63,17.38,43.74,93.08
SMP031,batch_1,47.88,26.65,39.58,92.61
SMP032,batch_2,60.12,16.49,41.48,94.93
SMP033,batch_1,67.29,14.27,41.4,93.56
SMP034,batch_3,65.13,16.95,40.67,93.2
SMP035,batch_3,72.14,16.58,40.82,94.51
SMP036,batch_3,47.99,23.8,38.86,90.48
SMP037,batch_1,63.56,20.28,41.7,94.82
SMP038,batch_2,68.85,11.41,41.49,94.99
SMP039,batch_2,57.02,20.35,39.9,92.85
SMP040,batch_3,66.83,14.16,42.66,94.65
SMP041,batch_2,66.92,11.25,43.57,95.35
SMP042,batch_3,56.15,22.03,42.69,92.99
SMP043,batch_1,70.78,20.89,38.39,92.92
SMP044,batch_3,74.17,13.34,41.25,95.46
SMP045,batch_2,58.9,18.11,38.72,93.66
SMP046,batch_3,80.99,6.82,41.24,95.1
SMP047,batch_1,56.74,12.72,38.73,94.08
SMP048,batch_1,65.46,15.75,44.19,93.92
SMP049,batch_2,52.69,18.42,42.96,94.5
SMP050,batch_2,49.23,20.98,43.88,90.53
SMP051,batch_1,71.59,13.75,43.63,96.57
SMP052,batch_2,70.04,8.45,40.32,94.95
SMP053,batch_2,59.25,16.18,39.94,92.66
SMP054,batch_1,50.34,24.1,45.35,91.16
SMP055,batch_2,75.18,9.44,40.59,93.37
SMP056,batch_3,59.33,16.63,37.61,90.93
SMP057,batch_1,73.16,13.89,43.52,96.05
SMP058,batch_3,76.65,8.49,41.36,98.7
SMP059,batch_2,76.79,13.97,44.76,92.63
SMP060,batch_1,70.12,11.47,41.61,92.64
SMP061,batch_3,61.26,17.85,40.95,95.47
SMP062,batch_3,76.3,14.68,44.82,94.78
SMP063,batch_3,73.32,12.09,37.15,96.64
SMP064,batch_3,60.19,22.81,39.54,92.83
SMP065,batch_1,64.37,14.41,38.78,93.4
SMP066,batch_1,54.52,20.4,35.51,91.74
SMP067,batch_1,78.81,19.3,43.18,90.77
SMP068,batch_3,78.36,16.5,39.61,93.97
SMP069,batch_1,77.23,8.34,43.26,97.29
SMP070,batch_1,60.5,18.1,41.97,95.09
SMP071,batch_3,63.76,17.85,42.52,96.6
SMP072,batch_1,66.89,18.36,39.86,93.91
SMP073,batch_2,55.6,23.44,39.09,88.88
SMP074,batch_1,57.55,20.64,41.22,92.39
SMP075,batch_1,58.86,16.07,43.3,95.5
SMP076,batch_2,53.08,23.52,40.87,94.51
SMP077,batch_3,69.45,16.47,39.25,95.97
SMP078,batch_1,68.61,9.43,38.0,94.66
SMP079,batch_1,68.13,14.45,41.51,91.67
SMP080,batch_2,48.68,22.11,39.61,91.44
SMP081,batch_2,61.96,19.29,40.82,93.94
SMP082,batch_2,69.5,16.8,40.4,97.09
SMP083,batch_2,65.51,22.02,39.89,93.22
SMP084,batch_3,57.82,18.88,41.73,93.61
SMP085,batch_2,67.46,15.61,42.39,94.71
SMP086,batch_3,56.18,23.39,45.91,92.58
SMP087,batch_3,48.21,26.06,42.89,92.19
SMP088,batch_2,64.94,16.83,44.98,93.18
SMP089,batch_1,65.24,14.25,38.95,91.71
SMP090,batch_2,76.86,10.9,37.0,97.01
SMP091,batch_2,69.5,12.29,40.96,91.82
SMP092,batch_2,64.44,19.28,43.15,96.55
SMP093,batch_2,51.41,27.13,42.75,89.24
SMP094,batch_2,52.64,16.45,44.03,90.98
SMP095,batch_1,68.21,17.67,34.66,96.51
