subject_id,treatment,time_h,IL6
Veh_00,Vehicle,0,0.5
Veh_00,Vehicle,1,100.58
Veh_00,Vehicle,2,209.2
Veh_00,Vehicle,4,226.11
Veh_00,Vehicle,8,66.14
Veh_00,Vehicle,12,10.79
Veh_00,Vehicle,24,0.5
Veh_01,Vehicle,0,0.5
Veh_01,Vehicle,1,59.26
Veh_01,Vehicle,2,156.61
Veh_01,Vehicle,4,259.3
Veh_01,Vehicle,8,175.96
Veh_01,Vehicle,12,70.38
Veh_01,Vehicle,24,3.83
Veh_02,Vehicle,0,0.5
Veh_02,Vehicle,1,58.86
Veh_02,Vehicle,2,156.34
Veh_02,Vehicle,4,275.65
Veh_02,Vehicle,8,213.25
Veh_02,Vehicle,12,90.42
Veh_02,Vehicle,24,3.01
Veh_03,Vehicle,0,0.5
Veh_03,Vehicle,1,55.78
Veh_03,Vehicle,2,143.34
Veh_03,Vehicle,4,212.69
Veh_03,Vehicle,8,118.85
Veh_03,Vehicle,12,41.98
Veh_03,Vehicle,24,1.08
Veh_04,Vehicle,0,0.5
Veh_04,Vehicle,1,93.06
Veh_04,Vehicle,2,197.68
Veh_04,Vehicle,4,249.26
Veh_04,Vehicle,8,99.77
Veh_04,Vehicle,12,22.05
Veh_04,Vehicle,24,0.5
Veh_05,Vehicle,0,0.5
Veh_05,Vehicle,1,48.03
Veh_05,Vehicle,2,135.95
Veh_05,Vehicle,4,225.83
Veh_05,Vehicle,8,157.15
Veh_05,Vehicle,12,59.12
Veh_05,Vehicle,24,0.5
Veh_06,Vehicle,0,0.5
Veh_06,Vehicle,1,53.92
Veh_06,Vehicle,2,141.63
Veh_06,Vehicle,4,227.9
Veh_06,Vehicle,8,165.85
Veh_06,Vehicle,12,61.16
Veh_06,Vehicle,24,2.19
Veh_07,Vehicle,0,1.38
Veh_07,Vehicle,1,51.44
Veh_07,Vehicle,2,145.83
Veh_07,Vehicle,4,245.4
Veh_07,Vehicle,8,167.95
Veh_07,Vehicle,12,66.32
Veh_07,Vehicle,24,3.3
Veh_08,Vehicle,0,0.5
Veh_08,Vehicle,1,75.26
Veh_08,Vehicle,2,183.85
Veh_08,Vehicle,4,258.98
Veh_08,Vehicle,8,135.66
Veh_08,Vehicle,12,40.91
Veh_08,Vehicle,24,0.64
Veh_09,Vehicle,0,4.72
Veh_09,Vehicle,1,45.43
Veh_09,Vehicle,2,98.27
Veh_09,Vehicle,4,128.69
Veh_09,Vehicle,8,46.52
Veh_09,Vehicle,12,12.44
Veh_09,Vehicle,24,0.72
Ant_00,Anti-IL6R_Ab,0,1.74
Ant_00,Anti-IL6R_Ab,1,35.93
Ant_00,Anti-IL6R_Ab,2,77.39
Ant_00,Anti-IL6R_Ab,4,111.25
Ant_00,Anti-IL6R_Ab,8,69.14
Ant_00,Anti-IL6R_Ab,12,25.44
Ant_00,Anti-IL6R_Ab,24,3.3
Ant_01,Anti-IL6R_Ab,0,2.32
Ant_01,Anti-IL6R_Ab,1,29.42
Ant_01,Anti-IL6R_Ab,2,57.56
Ant_01,Anti-IL6R_Ab,4,98.05
Ant_01,Anti-IL6R_Ab,8,68.56
Ant_01,Anti-IL6R_Ab,12,26.0
Ant_01,Anti-IL6R_Ab,24,0.5
Ant_02,Anti-IL6R_Ab,0,0.92
Ant_02,Anti-IL6R_Ab,1,18.02
Ant_02,Anti-IL6R_Ab,2,50.22
Ant_02,Anti-IL6R_Ab,4,63.08
Ant_02,Anti-IL6R_Ab,8,33.65
Ant_02,Anti-IL6R_Ab,12,8.91
Ant_02,Anti-IL6R_Ab,24,2.12
Ant_03,Anti-IL6R_Ab,0,0.5
Ant_03,Anti-IL6R_Ab,1,25.96
Ant_03,Anti-IL6R_Ab,2,65.44
Ant_03,Anti-IL6R_Ab,4,109.17
Ant_03,Anti-IL6R_Ab,8,80.69
Ant_03,Anti-IL6R_Ab,12,38.08
Ant_03,Anti-IL6R_Ab,24,0.5
Ant_04,Anti-IL6R_Ab,0,2.85
Ant_04,Anti-IL6R_Ab,1,25.73
Ant_04,Anti-IL6R_Ab,2,60.77
Ant_04,Anti-IL6R_Ab,4,113.78
Ant_04,Anti-IL6R_Ab,8,74.36
Ant_04,Anti-IL6R_Ab,12,35.6
Ant_04,Anti-IL6R_Ab,24,1.14
Ant_05,Anti-IL6R_Ab,0,0.5
Ant_05,Anti-IL6R_Ab,1,42.12
Ant_05,Anti-IL6R_Ab,2,94.34
Ant_05,Anti-IL6R_Ab,4,121.13
Ant_05,Anti-IL6R_Ab,8,51.58
Ant_05,Anti-IL6R_Ab,12,19.05
Ant_05,Anti-IL6R_Ab,24,2.14
Ant_06,Anti-IL6R_Ab,0,3.7
Ant_06,Anti-IL6R_Ab,1,29.58
Ant_06,Anti-IL6R_Ab,2,71.33
Ant_06,Anti-IL6R_Ab,4,123.32
Ant_06,Anti-IL6R_Ab,8,83.13
Ant_06,Anti-IL6R_Ab,12,27.47
Ant_06,Anti-IL6R_Ab,24,0.5
Ant_07,Anti-IL6R_Ab,0,1.87
Ant_07,Anti-IL6R_Ab,1,22.43
Ant_07,Anti-IL6R_Ab,2,56.16
Ant_07,Anti-IL6R_Ab,4,94.03
Ant_07,Anti-IL6R_Ab,8,70.39
Ant_07,Anti-IL6R_Ab,12,26.24
Ant_07,Anti-IL6R_Ab,24,0.5
Ant_08,Anti-IL6R_Ab,0,3.02
Ant_08,Anti-IL6R_Ab,1,33.06
Ant_08,Anti-IL6R_Ab,2,75.99
Ant_08,Anti-IL6R_Ab,4,107.76
Ant_08,Anti-IL6R_Ab,8,63.64
Ant_08,Anti-IL6R_Ab,12,22.44
Ant_08,Anti-IL6R_Ab,24,6.6
Ant_09,Anti-IL6R_Ab,0,0.5
Ant_09,Anti-IL6R_Ab,1,28.04
Ant_09,Anti-IL6R_Ab,2,80.01
Ant_09,Anti-IL6R_Ab,4,127.08
Ant_09,Anti-IL6R_Ab,8,89.24
Ant_09,Anti-IL6R_Ab,12,34.68
Ant_09,Anti-IL6R_Ab,24,4.71
