variant_id,chromosome,consequence,allele_frequency
rs3345906,11,synonymous,0.17112
rs1486774,11,synonymous,0.05948
rs5618486,19,synonymous,0.03408
rs6242839,17,synonymous,0.02924
rs1681371,20,synonymous,0.00482
rs5039777,9,synonymous,0.00013
rs1760673,6,synonymous,0.05304
rs4624208,10,synonymous,0.0745
rs6126746,13,synonymous,0.02258
rs6754023,8,synonymous,0.00098
rs6710268,11,synonymous,0.17241
rs7066046,4,synonymous,0.05489
rs2929888,13,synonymous,0.01373
rs7770086,16,synonymous,0.01491
rs3797383,12,synonymous,0.00102
rs3998424,20,synonymous,0.14567
rs7300677,22,synonymous,0.0001
rs3616301,20,synonymous,0.1436
rs1598993,3,synonymous,0.0057
rs6714736,20,synonymous,0.02408
rs6296815,8,synonymous,0.00155
rs5654438,10,synonymous,0.00195
rs2146245,10,synonymous,0.00145
rs6054412,7,synonymous,0.19786
rs2587270,20,synonymous,0.2922
rs5444183,15,synonymous,0.30855
rs5063393,22,synonymous,0.0
rs7181544,22,synonymous,0.01068
rs8812647,10,synonymous,0.00661
rs2520327,16,synonymous,0.07003
rs1917679,12,synonymous,1e-05
rs5445697,11,synonymous,0.02883
rs8615876,17,synonymous,0.06115
rs2264814,16,synonymous,0.0745
rs4899104,21,synonymous,0.25325
rs4258015,17,synonymous,0.1287
rs3544326,14,synonymous,0.10737
rs6311950,21,synonymous,0.02873
rs3363870,3,synonymous,0.01677
rs4944572,17,synonymous,0.00142
rs7763227,9,synonymous,0.0151
rs4036732,10,synonymous,0.10168
rs1168819,18,synonymous,0.01018
rs8079760,7,synonymous,0.10829
rs3196024,20,synonymous,0.0172
rs7182605,11,synonymous,0.13373
rs7102225,8,synonymous,0.24099
rs5210326,8,synonymous,0.00526
rs1702537,10,synonymous,0.03066
rs8600425,21,synonymous,0.01284
rs6446986,3,synonymous,0.0032
rs4394922,12,synonymous,0.15457
rs7831133,19,synonymous,0.15487
rs7304583,11,synonymous,0.04161
rs7082428,13,synonymous,0.45478
rs2343489,8,synonymous,0.00442
rs6062741,3,synonymous,0.00823
rs3286339,15,synonymous,0.00051
rs1627875,21,synonymous,0.05506
rs3704684,12,synonymous,0.0423
rs1832252,10,synonymous,0.00665
rs1846566,3,synonymous,0.11709
rs6816315,21,synonymous,0.03264
rs5014438,20,synonymous,0.00227
rs4182982,20,synonymous,0.13636
rs2538081,8,synonymous,0.07282
rs7167642,14,synonymous,0.00395
rs6073487,10,synonymous,0.00499
rs5684691,6,synonymous,0.00553
rs2520738,5,synonymous,0.03283
rs1988384,9,synonymous,0.03585
rs1988050,13,synonymous,0.00137
rs1200332,3,synonymous,0.00494
rs8752693,16,synonymous,0.02134
rs3941923,11,synonymous,0.15493
rs6265922,20,synonymous,0.09825
rs8857950,7,synonymous,9e-05
rs8491607,2,synonymous,0.00038
rs3564658,7,synonymous,0.06655
rs4919102,22,synonymous,0.33396
rs4704324,8,synonymous,0.30314
rs1267219,16,synonymous,0.08724
rs7146351,19,synonymous,0.01269
rs5594969,7,synonymous,0.00194
rs3971625,15,synonymous,0.01185
rs5466631,5,synonymous,0.03891
rs6883639,8,synonymous,0.0005
rs1119804,7,synonymous,0.05099
rs6168373,15,synonymous,0.07692
rs7889936,20,synonymous,0.00332
rs6811242,6,synonymous,0.00146
rs5959765,7,synonymous,2e-05
rs1724355,19,synonymous,0.01882
rs6957529,11,synonymous,0.00026
rs7005357,12,synonymous,0.03419
rs4951368,16,synonymous,0.003
rs5661282,4,synonymous,0.07058
rs5947219,20,synonymous,0.15746
rs1968990,9,synonymous,0.00233
rs3059759,15,synonymous,0.09833
rs7338422,10,synonymous,0.12692
rs8790062,17,synonymous,0.04645
rs3160762,14,synonymous,0.00042
rs4205760,4,synonymous,0.03757
rs8322345,5,synonymous,0.0072
rs2298612,20,synonymous,0.01763
rs3089457,12,synonymous,0.00035
rs1447323,7,synonymous,0.00311
rs2878156,4,synonymous,0.00051
rs6089375,3,synonymous,0.07195
rs3785798,21,synonymous,0.00271
rs8867038,22,synonymous,0.17727
rs8132442,9,synonymous,0.04573
rs8166355,5,synonymous,0.0521
rs6810971,10,synonymous,0.06734
rs6616836,4,synonymous,0.15468
rs5077339,13,synonymous,0.06262
rs8924783,14,synonymous,0.05772
rs1762926,22,synonymous,0.34798
rs6782626,8,synonymous,0.00036
rs2122048,5,synonymous,0.00594
rs3714008,3,synonymous,0.01457
rs3044963,9,synonymous,0.14407
rs5809745,14,synonymous,0.29127
rs7297688,2,synonymous,0.0
rs1638133,17,synonymous,0.06549
rs5813223,11,synonymous,0.00503
rs2773459,18,synonymous,0.03768
rs1615988,11,synonymous,0.14975
rs4340321,4,synonymous,0.15158
rs5650129,1,synonymous,0.0069
rs2614547,13,synonymous,0.06479
rs4118433,12,synonymous,0.06881
rs8628008,18,synonymous,0.00225
rs3774037,20,synonymous,0.10123
rs8964780,4,synonymous,0.05603
rs7673773,7,synonymous,0.09364
rs3967487,5,synonymous,0.11979
rs5614463,3,synonymous,0.01703
rs6673831,1,synonymous,0.03977
rs4717141,2,synonymous,0.15763
rs4262165,12,synonymous,0.0004
rs3637891,4,synonymous,0.07373
rs2116073,5,synonymous,0.0688
rs1199436,3,synonymous,0.0423
rs3695414,16,synonymous,0.02488
rs7365912,14,synonymous,0.00047
rs2866973,22,synonymous,0.0272
rs2437984,3,synonymous,0.00513
rs3624625,5,synonymous,0.21323
rs5791163,11,synonymous,0.0018
rs2720173,15,synonymous,0.20634
rs2763158,3,synonymous,0.41468
rs1898760,5,synonymous,0.00276
rs3657677,10,synonymous,0.07199
rs2739427,1,synonymous,0.02052
rs7649647,9,synonymous,0.33996
rs8246056,17,synonymous,9e-05
rs3964052,12,synonymous,0.00305
rs1681773,10,synonymous,0.09355
rs1699638,11,synonymous,0.0025
rs3598053,21,synonymous,0.04707
rs4707755,12,synonymous,0.00165
rs5227599,12,synonymous,0.00131
rs3433079,21,synonymous,0.00417
rs3836101,4,synonymous,0.0807
rs3269483,3,synonymous,0.00034
rs5140856,10,synonymous,0.1577
rs6575203,8,synonymous,0.00414
rs1347360,5,synonymous,0.23931
rs4829705,3,synonymous,0.15546
rs6188557,20,synonymous,0.00239
rs6380421,14,synonymous,0.33273
rs5507830,16,synonymous,0.00084
rs5201134,3,synonymous,0.00026
rs6447730,8,synonymous,0.6001
rs4026996,14,synonymous,0.1672
rs5538062,12,synonymous,0.40023
rs3555710,16,synonymous,8e-05
rs4503228,15,synonymous,0.00184
rs1992682,10,synonymous,0.03388
rs3801132,18,synonymous,0.03534
rs2136655,6,synonymous,0.12461
rs2811481,2,synonymous,0.24508
rs4355711,21,synonymous,0.00043
rs5000541,1,synonymous,0.11567
rs8535922,7,synonymous,0.00628
rs1208419,3,synonymous,0.08485
rs8188498,6,synonymous,0.0786
rs3625926,9,synonymous,0.00154
rs6793321,3,synonymous,0.01141
rs6422978,11,synonymous,0.34263
rs8766777,21,synonymous,0.01204
rs1869736,4,synonymous,0.00574
rs8737492,21,synonymous,0.00046
rs1503129,10,synonymous,0.00043
rs8018453,14,synonymous,0.01672
rs6217428,10,synonymous,0.06576
rs4855313,7,synonymous,0.01829
rs4182197,3,synonymous,0.00887
rs1748774,14,synonymous,0.00036
rs7414600,21,synonymous,0.02947
rs6823612,12,synonymous,0.19751
rs8498490,14,synonymous,0.28694
rs6843354,15,synonymous,9e-05
rs8656323,9,synonymous,0.21976
rs8094450,3,synonymous,0.01358
rs4404742,12,synonymous,0.00034
rs6629769,20,synonymous,0.12915
rs3114617,7,synonymous,0.01859
rs7361854,20,synonymous,0.25804
rs5868909,19,synonymous,0.01634
rs4522607,6,synonymous,0.00441
rs6025543,13,synonymous,0.00177
rs3217496,17,synonymous,0.12487
rs5978759,11,synonymous,6e-05
rs4798494,16,synonymous,0.03498
rs3574228,21,synonymous,0.04002
rs8804231,14,synonymous,0.02947
rs1510013,19,synonymous,0.0621
rs7061591,18,synonymous,0.15617
rs2680038,18,synonymous,0.02947
rs2780160,19,synonymous,0.0165
rs2235355,5,synonymous,0.19046
rs1819272,1,synonymous,0.02948
rs1991202,4,synonymous,0.00089
rs7661393,6,synonymous,0.06375
rs8410266,16,synonymous,0.0002
rs5678230,12,synonymous,0.19122
rs1110781,11,synonymous,0.03676
rs7915982,1,synonymous,0.02633
rs5814861,16,synonymous,0.03796
rs5166974,9,synonymous,0.1707
rs8579790,17,synonymous,0.00248
rs4278381,3,synonymous,0.31299
rs3880425,7,synonymous,0.00045
rs7238544,2,synonymous,0.0
rs5216784,7,synonymous,6e-05
rs6735044,21,synonymous,0.07176
rs6566269,11,synonymous,0.06868
rs7715537,10,synonymous,0.25146
rs3537357,7,synonymous,0.02428
rs1576233,6,synonymous,0.1694
rs4821215,15,synonymous,0.01332
rs6180420,22,synonymous,0.05665
rs7536822,17,synonymous,0.11237
rs3136437,17,synonymous,0.04482
rs6962845,11,synonymous,0.08204
rs7657577,3,synonymous,0.00724
rs7467595,16,synonymous,0.14589
rs7464569,18,synonymous,0.07307
rs8898721,12,synonymous,0.01903
rs6289189,3,synonymous,0.02977
rs3962619,16,synonymous,0.03361
rs4491861,21,synonymous,0.35253
rs6976730,5,synonymous,0.16165
rs2892276,4,synonymous,0.02437
rs5822276,17,synonymous,0.0
rs5581851,8,synonymous,0.15314
rs6332838,16,synonymous,0.00654
rs4370161,16,synonymous,0.00803
rs6918991,6,synonymous,0.10811
rs1571462,1,synonymous,0.09003
rs6997850,13,synonymous,0.03215
rs7495105,9,synonymous,0.00155
rs8085961,19,synonymous,0.02499
rs8382329,8,synonymous,0.002
rs3794573,6,synonymous,0.01646
rs1371087,19,synonymous,0.0002
rs6227850,17,synonymous,0.12794
rs1721769,14,synonymous,0.02343
rs3242323,21,synonymous,0.02044
rs6619810,18,synonymous,0.20009
rs5756549,20,synonymous,0.00083
rs5853170,18,synonymous,0.0
rs7009401,9,synonymous,0.00784
rs2317790,2,synonymous,0.20137
rs7328008,14,synonymous,0.00334
rs5692291,17,synonymous,0.01019
rs4360996,22,synonymous,0.03401
rs4709287,15,synonymous,0.00183
rs5069761,13,synonymous,0.03277
rs5402879,13,synonymous,0.00428
rs3670798,3,synonymous,4e-05
rs2784287,1,synonymous,0.09726
rs2352290,1,synonymous,0.24159
rs3725651,20,synonymous,0.00239
rs3084139,18,synonymous,0.02524
rs5129101,6,synonymous,0.1785
rs8297096,10,synonymous,0.01913
rs1864778,11,synonymous,0.06597
rs3471756,6,synonymous,0.01252
rs1393213,10,synonymous,0.04877
rs8798074,8,synonymous,0.005
rs6606127,16,synonymous,0.00093
rs2931824,17,synonymous,0.02867
rs4313939,3,synonymous,0.00021
rs6784568,11,synonymous,0.00141
rs5591226,22,synonymous,0.08453
rs3167283,20,synonymous,0.05821
rs6574960,18,synonymous,0.14628
rs6485974,17,synonymous,0.03623
rs6151663,1,synonymous,0.20941
rs1367743,22,synonymous,0.10179
rs6653988,17,synonymous,0.00313
rs1156996,20,synonymous,0.00043
rs8244376,20,synonymous,0.0082
rs8055669,6,synonymous,0.03825
rs5507755,1,synonymous,0.00497
rs6168508,15,synonymous,0.00032
rs1542790,11,synonymous,0.02577
rs7995405,1,synonymous,0.2535
rs3166603,6,synonymous,0.0676
rs3096844,22,synonymous,0.15777
rs6665751,8,synonymous,0.27282
rs8511071,6,synonymous,0.01766
rs4952597,15,synonymous,1e-05
rs5060124,15,synonymous,0.0443
rs5388415,8,synonymous,1e-05
rs3329114,19,synonymous,1e-05
rs5772643,13,synonymous,0.20102
rs8687876,4,synonymous,0.03166
rs4061034,8,synonymous,0.0157
rs7184686,19,synonymous,0.11498
rs7191164,2,synonymous,0.09465
rs7806665,1,synonymous,0.21842
rs6788279,15,synonymous,0.01343
rs8371584,10,synonymous,0.08373
rs6714395,6,synonymous,0.06149
rs8809248,11,synonymous,0.08668
rs6722481,5,synonymous,0.00732
rs7695267,9,synonymous,0.00277
rs8122864,6,synonymous,0.00028
rs8867240,13,synonymous,0.01803
rs5763142,15,synonymous,0.00506
rs6681792,21,synonymous,0.00379
rs8736577,2,synonymous,0.02298
rs4041918,8,synonymous,0.01972
rs1953541,6,synonymous,0.14971
rs8074218,13,synonymous,0.05398
rs6055671,12,synonymous,0.04773
rs4427869,20,synonymous,0.00325
rs6735412,21,synonymous,0.04162
rs1261236,18,synonymous,0.10699
rs4817763,5,synonymous,0.02735
rs3123772,1,synonymous,0.00641
rs3305667,20,synonymous,0.03214
rs8754537,21,synonymous,0.15353
rs5400299,6,synonymous,0.14745
rs2123456,2,synonymous,0.03947
rs3917981,15,synonymous,0.00651
rs2941215,13,synonymous,0.00037
rs8272992,20,synonymous,0.04675
rs3330165,13,synonymous,0.00053
rs3854339,17,synonymous,0.46051
rs3673244,18,synonymous,0.03879
rs2405655,1,synonymous,0.00132
rs7241442,4,synonymous,0.00052
rs5611113,18,synonymous,0.00121
rs4495824,4,synonymous,0.00188
rs4167940,5,synonymous,0.00153
rs6333477,17,synonymous,0.04231
rs1767185,5,synonymous,0.00012
rs8454158,4,synonymous,0.0155
rs5518738,1,synonymous,0.0
rs2821256,11,synonymous,0.00491
rs5302771,15,synonymous,0.0092
rs7816416,17,synonymous,0.00213
rs2385576,20,synonymous,0.00249
rs5190782,15,synonymous,0.02689
rs5781105,17,synonymous,0.10557
rs7480277,5,synonymous,0.14379
rs5538871,8,synonymous,0.05056
rs6891275,7,synonymous,0.01488
rs7188900,2,synonymous,0.01045
rs8129033,22,synonymous,0.12877
rs3892559,6,synonymous,0.2472
rs6630951,10,synonymous,0.01685
rs2990076,8,synonymous,0.08753
rs7754381,1,synonymous,0.17385
rs8609759,20,synonymous,0.16978
rs3353680,5,synonymous,0.05931
rs5489740,3,synonymous,0.00273
rs7578713,8,synonymous,0.00251
rs1217119,4,synonymous,0.05473
rs6640159,22,synonymous,0.01034
rs7565693,5,synonymous,0.29914
rs7969810,7,synonymous,0.00262
rs2574064,6,synonymous,0.00186
rs7057325,1,synonymous,0.05798
rs7288290,1,synonymous,0.03865
rs1022811,12,synonymous,0.00026
rs6641299,6,synonymous,0.02281
rs6009778,2,synonymous,0.02623
rs8750509,7,synonymous,0.22914
rs1344085,7,synonymous,0.104
rs8724634,10,synonymous,0.00126
rs5571362,22,synonymous,0.21566
rs3195284,7,synonymous,0.03382
rs4099826,16,synonymous,0.16113
rs7131596,17,synonymous,0.01643
rs8968384,2,synonymous,0.0589
rs3534840,12,synonymous,0.0
rs8869731,10,synonymous,0.04818
rs6033583,12,synonymous,0.05988
rs2536122,4,synonymous,0.06114
rs5781968,11,synonymous,0.07202
rs7414138,3,synonymous,0.03978
rs1436348,21,synonymous,0.08437
rs1631313,13,synonymous,0.00087
rs1041453,1,synonymous,0.00026
rs5562991,12,synonymous,0.00578
rs1462112,21,synonymous,0.00262
rs8456845,17,synonymous,0.00037
rs2023536,7,synonymous,0.04671
rs1572890,20,synonymous,0.05384
rs3061219,5,synonymous,0.33806
rs7105478,6,synonymous,0.01235
rs8255641,4,synonymous,0.06177
rs3008028,21,synonymous,0.12331
rs5149061,16,synonymous,0.01737
rs7190085,12,synonymous,0.22058
rs7375133,15,synonymous,0.16058
rs2223344,6,synonymous,0.00433
rs7706494,2,synonymous,0.00159
rs7938224,19,synonymous,5e-05
rs6879544,22,synonymous,0.30475
rs5217982,1,synonymous,0.05506
rs4131080,2,synonymous,0.14554
rs8115239,13,synonymous,0.00316
rs7910875,1,synonymous,0.00761
rs5145771,16,synonymous,0.04295
rs6936398,21,synonymous,0.11224
rs4199164,7,synonymous,0.00057
rs6945211,7,synonymous,0.22719
rs1714599,19,synonymous,0.08883
rs8212594,8,synonymous,0.0
rs5124386,6,synonymous,0.25126
rs5789307,2,synonymous,0.00584
rs2515130,19,synonymous,0.15742
rs5228595,21,synonymous,0.04521
rs1025239,2,synonymous,0.00273
rs8121300,18,synonymous,0.09348
rs6990943,4,synonymous,0.00013
rs4635693,4,synonymous,1e-05
rs7686700,9,synonymous,0.0017
rs7492565,10,synonymous,0.07442
rs1952619,19,synonymous,0.04329
rs1430770,16,synonymous,0.25218
rs3028480,4,synonymous,0.01609
rs1010319,13,synonymous,0.07215
rs5585062,20,synonymous,0.0136
rs5226339,15,synonymous,0.00167
rs5303824,6,synonymous,0.00218
rs1588895,3,synonymous,0.00593
rs8345569,10,synonymous,0.25765
rs8812344,11,synonymous,0.04598
rs5724322,8,synonymous,0.08348
rs1044009,3,synonymous,0.1011
rs4167794,3,synonymous,0.00939
rs6745197,12,synonymous,0.01352
rs6989815,21,synonymous,0.0001
rs2947077,14,synonymous,0.0911
rs7581609,10,synonymous,0.00084
rs8740416,21,synonymous,0.01467
rs5069376,16,synonymous,2e-05
rs4052333,16,synonymous,0.02511
rs5209028,13,synonymous,0.00697
rs1218267,17,synonymous,0.01079
rs5187599,12,synonymous,0.03001
rs1215486,14,synonymous,3e-05
rs1278309,14,synonymous,0.09737
rs5426986,17,synonymous,0.14667
rs5086326,20,synonymous,0.00204
rs8893695,7,synonymous,0.0051
rs5061399,16,synonymous,8e-05
rs8838188,1,synonymous,0.01451
rs7456887,12,synonymous,0.09585
rs3698183,20,synonymous,0.00986
rs8409357,15,synonymous,0.02789
rs4861629,6,synonymous,0.0004
rs5759580,14,synonymous,0.02656
rs1803646,8,synonymous,0.04239
rs2700715,10,synonymous,0.00967
rs5177414,6,synonymous,0.00925
rs3169904,14,synonymous,0.00097
rs5797612,5,synonymous,0.01251
rs1639296,10,synonymous,0.0114
rs3008493,21,synonymous,0.05284
rs6321277,17,synonymous,0.07069
rs5896915,10,synonymous,0.05893
rs8869271,22,synonymous,0.08665
rs8197542,1,synonymous,4e-05
rs7484998,22,synonymous,0.12347
rs1007642,8,synonymous,0.0
rs5819736,19,synonymous,0.08364
rs2831470,21,synonymous,0.00633
rs3135322,14,synonymous,0.11573
rs2679356,14,synonymous,0.01014
rs4647227,17,synonymous,0.19313
rs1991089,6,synonymous,0.02343
rs5254332,4,synonymous,0.12853
rs2328809,8,synonymous,0.02837
rs5003651,11,synonymous,0.00759
rs6007300,17,synonymous,0.00541
rs2437399,6,synonymous,0.02074
rs1821555,13,synonymous,0.04752
rs7450067,1,synonymous,0.00035
rs6908252,1,synonymous,0.05065
rs3091641,22,synonymous,0.00168
rs8096180,19,synonymous,0.00405
rs2769306,20,synonymous,0.00051
rs8412701,8,synonymous,0.00287
rs1906272,12,synonymous,0.0098
rs6281406,15,synonymous,0.01047
rs1153342,6,synonymous,0.0061
rs2579171,17,synonymous,0.14187
rs4237583,16,synonymous,0.01835
rs1682372,9,synonymous,0.0354
rs4655794,10,synonymous,0.03183
rs2856199,7,synonymous,0.13748
rs1791630,18,synonymous,3e-05
rs8695657,22,synonymous,0.00056
rs8854645,22,synonymous,0.08267
rs8698761,17,synonymous,0.21317
rs2232797,8,synonymous,0.09176
rs4055351,18,synonymous,0.01989
rs3619361,6,synonymous,0.01289
rs3606332,20,synonymous,0.00029
rs4332829,6,synonymous,0.13895
rs5080084,9,synonymous,0.04612
rs4881144,3,synonymous,0.05842
rs3333504,2,synonymous,0.01102
rs8838605,9,synonymous,0.0236
rs8837299,13,synonymous,0.00182
rs3649765,1,synonymous,9e-05
rs2769771,19,synonymous,0.00537
rs5261704,3,synonymous,0.0001
rs3953141,22,synonymous,0.00063
rs8897177,6,synonymous,0.03385
rs4434967,9,synonymous,0.26062
rs1318246,4,synonymous,0.02926
rs2000512,19,synonymous,0.06983
rs1596586,17,synonymous,0.00059
rs4062598,2,synonymous,0.02457
rs3532045,3,synonymous,0.02263
rs7853845,14,synonymous,0.10539
rs8124688,20,synonymous,0.0
rs2122888,3,synonymous,0.00406
rs8556755,5,synonymous,0.11751
rs5672175,12,synonymous,0.04954
rs3454474,3,synonymous,0.04091
rs4253097,7,synonymous,0.05687
rs4531019,1,synonymous,1e-05
rs2364293,11,synonymous,0.03459
rs7939337,16,synonymous,0.08286
rs1098689,10,synonymous,0.02427
rs1557794,6,synonymous,0.00464
rs3186746,10,synonymous,0.00096
rs2148704,12,synonymous,0.00797
rs1494631,4,synonymous,0.00133
rs4067141,3,synonymous,0.0038
rs4014147,4,synonymous,0.00028
rs2004554,22,synonymous,2e-05
rs7481678,16,synonymous,0.00499
rs8060589,3,synonymous,0.0058
rs6757482,7,synonymous,0.01105
rs5177452,10,synonymous,0.05086
rs8579069,4,synonymous,0.01436
rs3804028,19,synonymous,0.0916
rs4416123,21,synonymous,0.01303
rs1120544,6,synonymous,0.11876
rs6662411,1,synonymous,0.12511
rs1739982,6,synonymous,0.00504
rs6322733,13,synonymous,0.14469
rs7259412,18,synonymous,0.00093
rs2736370,8,synonymous,0.00748
rs5896137,7,synonymous,0.01562
rs3428660,6,synonymous,0.20757
rs4186562,1,synonymous,0.03574
rs5238636,1,synonymous,0.05322
rs2995792,10,synonymous,0.00081
rs7373258,14,synonymous,0.0033
rs4157021,1,synonymous,0.1345
rs4694501,5,synonymous,0.11886
rs7517525,21,synonymous,0.01283
rs2821932,22,synonymous,0.00367
rs4618030,15,synonymous,0.0
rs8947725,12,synonymous,0.05818
rs4197786,13,synonymous,0.18352
rs1924630,9,synonymous,0.00438
rs3275380,5,synonymous,0.00319
rs8647111,9,synonymous,0.01661
rs7073061,16,synonymous,0.00104
rs7472370,15,synonymous,0.02087
rs3028548,15,synonymous,0.06231
rs7711148,14,synonymous,0.00167
rs4146821,2,synonymous,0.06169
rs7359340,14,synonymous,0.11247
rs8047097,20,synonymous,0.02505
rs2665367,15,synonymous,0.13812
rs8507946,13,synonymous,0.03605
rs6060659,5,synonymous,3e-05
rs6847084,18,synonymous,0.02164
rs7053998,10,synonymous,0.00247
rs2347585,6,synonymous,0.00144
rs6965486,11,synonymous,0.07945
rs2703482,3,synonymous,0.01051
rs3172522,21,synonymous,0.00624
rs1932434,16,synonymous,0.00011
rs2448955,8,synonymous,0.00151
rs8831384,18,synonymous,0.01345
rs3624983,2,synonymous,0.01247
rs4096092,9,synonymous,0.00401
rs4838755,15,synonymous,0.09986
rs6703513,1,synonymous,0.00014
rs5590245,16,synonymous,0.02226
rs5289158,19,synonymous,0.06453
rs7695602,14,synonymous,0.03678
rs4967546,5,synonymous,0.12906
rs7152273,17,synonymous,0.0931
rs8287164,8,synonymous,0.00966
rs6409204,17,synonymous,0.06215
rs1282563,14,synonymous,0.27381
rs3107914,3,synonymous,0.03467
rs5941959,3,synonymous,0.03534
rs4831043,1,synonymous,0.00534
rs3278122,2,synonymous,0.00437
rs3683486,7,synonymous,7e-05
rs1626882,1,synonymous,0.02664
rs2879425,21,synonymous,0.3827
rs7262228,21,synonymous,0.01754
rs1081962,4,synonymous,0.00396
rs7694648,7,synonymous,0.06222
rs3715695,17,synonymous,0.04493
rs7463039,15,synonymous,0.13103
rs3048930,13,synonymous,0.04417
rs7630213,22,synonymous,9e-05
rs5575218,14,synonymous,0.03356
rs7811592,15,synonymous,0.18023
rs1498414,12,synonymous,0.05571
rs7379384,12,synonymous,0.03229
rs3164156,7,synonymous,0.01027
rs3870748,12,synonymous,0.00337
rs1358155,21,synonymous,1e-05
rs8632472,9,synonymous,0.0005
rs6131343,3,synonymous,0.3423
rs8847366,14,synonymous,3e-05
rs5545516,18,synonymous,0.0004
rs2265504,22,synonymous,0.0
rs3699840,12,synonymous,0.23973
rs4519106,18,synonymous,0.00049
rs2178676,6,synonymous,0.0076
rs8452054,10,synonymous,0.07159
rs8663358,10,synonymous,0.11486
rs5507962,8,synonymous,0.11463
rs5675139,16,synonymous,0.01704
rs6627933,20,synonymous,0.21698
rs6432906,8,synonymous,0.21809
rs1501352,3,synonymous,0.13267
rs5250790,19,synonymous,0.06207
rs7216960,19,synonymous,0.00291
rs7452265,21,synonymous,0.01501
rs5768328,6,synonymous,0.16416
rs8171040,16,synonymous,0.00363
rs5689618,16,synonymous,0.08197
rs4061684,18,synonymous,0.00199
rs4541291,18,synonymous,0.01972
rs6520202,21,synonymous,4e-05
rs8091846,11,synonymous,0.00066
rs2839099,2,synonymous,0.00174
rs3347945,5,synonymous,0.02414
rs6214840,20,synonymous,0.00984
rs7108568,19,synonymous,0.08268
rs4193245,1,synonymous,0.13407
rs6145426,9,synonymous,0.06772
rs1054252,6,synonymous,0.24276
rs3333978,8,synonymous,0.35814
rs8644222,15,synonymous,0.01535
rs5611940,12,synonymous,0.00145
rs7947532,11,synonymous,0.01501
rs2741196,10,synonymous,0.00094
rs3326692,15,synonymous,0.03905
rs8799450,16,synonymous,0.21263
rs8982058,1,synonymous,0.00247
rs8014765,4,synonymous,0.00226
rs3537021,8,synonymous,0.04246
rs7411620,10,synonymous,0.01229
rs4670753,22,synonymous,0.00015
rs7751434,20,synonymous,0.0007
rs7810072,15,synonymous,0.00133
rs4478894,1,synonymous,0.13454
rs3436770,3,synonymous,0.00744
rs8798818,11,synonymous,0.0
rs4604322,13,synonymous,0.08141
rs4453352,15,synonymous,0.02566
rs6324697,4,synonymous,0.00072
rs8493346,20,synonymous,0.00111
rs2043740,11,synonymous,0.07647
rs8875760,14,synonymous,0.01854
rs4378802,1,synonymous,0.05968
rs1204756,19,synonymous,0.0298
rs3475279,12,synonymous,0.00029
rs4699958,5,synonymous,0.05615
rs6414194,8,synonymous,0.00358
rs5530917,8,synonymous,0.0001
rs2087755,1,synonymous,0.00092
rs4905869,21,synonymous,0.0
rs2861851,18,synonymous,0.26056
rs3156369,20,synonymous,0.07791
rs6691009,8,synonymous,0.01037
rs7426288,13,synonymous,0.00558
rs2249794,11,synonymous,0.03123
rs5818993,11,synonymous,0.01099
rs4376154,13,synonymous,0.02044
rs3693300,10,synonymous,0.00156
rs6703045,18,synonymous,0.00789
rs2990628,2,synonymous,0.15534
rs7123747,5,synonymous,0.1088
rs4205992,20,synonymous,0.02299
rs1759049,20,synonymous,0.06945
rs7337989,18,synonymous,0.01363
rs7815964,9,synonymous,0.0119
rs5504557,11,synonymous,0.40637
rs6791778,1,synonymous,0.34734
rs2180431,7,synonymous,0.00256
rs3714356,16,synonymous,0.02292
rs3799188,8,synonymous,0.09539
rs7110422,11,synonymous,0.00543
rs3816310,3,synonymous,0.02249
rs6826390,11,synonymous,0.06297
rs3454756,16,synonymous,0.16919
rs5807129,13,synonymous,0.00021
rs2678452,13,synonymous,6e-05
rs5467849,21,synonymous,0.01104
rs1646549,6,synonymous,0.02505
rs6877627,7,synonymous,0.0
rs1232816,14,synonymous,0.00011
rs8994079,11,synonymous,0.03224
rs7711730,22,synonymous,0.00774
rs5628417,2,synonymous,0.01415
rs8276618,3,synonymous,0.05125
rs7469742,8,synonymous,0.1376
rs2142221,11,synonymous,0.0112
rs6954189,20,synonymous,0.00095
rs4018412,11,synonymous,0.04693
rs7846467,10,synonymous,0.00509
rs7910461,4,synonymous,0.04007
rs8636198,10,synonymous,0.02578
rs4607876,12,synonymous,0.04959
rs2544665,13,synonymous,0.00165
rs2000609,14,synonymous,0.00024
rs2323677,10,synonymous,0.13193
rs8934424,4,synonymous,0.26392
rs5690814,4,synonymous,0.00055
rs3814401,4,synonymous,0.03937
rs4594360,14,synonymous,0.04271
rs2383061,19,synonymous,0.00174
rs5565781,20,synonymous,0.00072
rs4405365,7,synonymous,0.18296
rs7384341,2,synonymous,0.00857
rs1169265,14,synonymous,0.16696
rs8453715,1,synonymous,0.25742
rs1485280,14,synonymous,0.01702
rs4339326,9,synonymous,0.14608
rs3725020,19,synonymous,0.25207
rs6743461,14,synonymous,0.01551
rs6265713,17,synonymous,0.03589
rs2574393,9,synonymous,0.15957
rs4925816,19,synonymous,0.04925
rs5276415,12,synonymous,0.08743
rs4711045,14,synonymous,0.02974
rs1174438,8,synonymous,0.02899
rs2424831,10,synonymous,0.29213
rs5030004,19,synonymous,0.09224
rs3083702,9,synonymous,0.15983
rs5362691,1,synonymous,0.23187
rs2309373,9,synonymous,0.04228
rs6883562,9,synonymous,0.13091
rs2507606,10,synonymous,0.00059
rs6195878,2,synonymous,0.13412
rs7692954,3,synonymous,0.02892
rs3867173,8,synonymous,0.00175
rs2115833,10,synonymous,0.00604
rs1045847,1,synonymous,0.00768
rs3884439,9,synonymous,0.00057
rs1923886,8,synonymous,0.00483
rs8054762,1,synonymous,0.0384
rs8784485,6,synonymous,0.00339
rs8845035,7,synonymous,0.16023
rs8378665,4,synonymous,0.11886
rs5693713,17,synonymous,0.00528
rs3600745,2,synonymous,0.05442
rs4572406,13,synonymous,0.00342
rs3070823,15,synonymous,0.00393
rs7721937,18,synonymous,0.00182
rs4491330,13,synonymous,0.00996
rs4080995,12,synonymous,5e-05
rs6519520,17,synonymous,0.00055
rs3990325,19,synonymous,0.12968
rs3854621,5,synonymous,0.1746
rs2818538,18,synonymous,3e-05
rs1538350,11,synonymous,0.11972
rs1303833,3,synonymous,0.00046
rs4222360,14,synonymous,0.00411
rs8962198,22,synonymous,0.16185
rs3084711,4,synonymous,0.0
rs6128547,1,synonymous,0.00134
rs3599440,21,synonymous,0.00013
rs3421651,14,synonymous,0.00501
rs2303657,5,synonymous,0.03189
rs5507400,18,synonymous,0.12962
rs6270720,9,synonymous,0.0516
rs3801602,8,synonymous,9e-05
rs5213047,7,synonymous,0.00051
rs4809269,14,synonymous,0.00137
rs3166904,3,synonymous,0.0063
rs6533748,8,synonymous,0.15386
rs5430899,7,synonymous,0.00785
rs1526831,2,synonymous,0.05101
rs4941662,17,synonymous,0.00662
rs4115050,1,synonymous,0.01008
rs7367798,22,synonymous,0.07505
rs3452973,3,synonymous,0.00915
rs8647874,8,synonymous,0.10453
rs5920016,3,synonymous,0.01826
rs2045364,9,synonymous,0.06987
rs4226980,14,synonymous,0.03438
rs8071307,2,synonymous,0.08505
rs3036679,12,synonymous,0.19669
rs6638375,17,synonymous,0.08801
rs7266846,11,synonymous,0.00117
rs6540428,3,synonymous,1e-05
rs1723028,16,synonymous,0.02003
rs3994407,5,synonymous,0.00861
rs3785692,1,synonymous,0.02312
rs3751265,10,synonymous,0.00336
rs8031990,6,synonymous,0.03483
rs1045115,1,synonymous,0.00682
rs5312134,18,synonymous,0.00447
rs8857638,14,synonymous,8e-05
rs8004022,21,synonymous,0.06912
rs5852046,11,synonymous,0.14024
rs8983544,10,synonymous,0.00027
rs4218628,19,synonymous,0.00361
rs5890848,2,synonymous,0.00196
rs5350150,8,synonymous,0.08022
rs1378593,18,synonymous,0.16633
rs1324216,7,synonymous,0.02023
rs8175010,20,synonymous,0.00512
rs2389207,7,synonymous,0.00982
rs3838624,10,synonymous,0.00017
rs5986879,20,synonymous,0.00022
rs5604324,6,synonymous,0.00088
rs5114093,22,synonymous,0.0178
rs8833402,1,synonymous,0.00431
rs7296598,6,synonymous,0.00157
rs8534198,14,synonymous,0.04147
rs6269941,14,synonymous,0.12348
rs8832969,21,synonymous,0.01619
rs5811485,22,synonymous,0.0001
rs5333820,15,synonymous,0.02679
rs7522125,15,synonymous,0.06147
rs7950475,7,synonymous,0.01197
rs1546104,18,synonymous,0.04343
rs8284639,15,synonymous,5e-05
rs6527094,1,synonymous,0.00141
rs8181075,19,synonymous,0.03823
rs6724725,8,synonymous,0.00212
rs8415348,11,synonymous,0.17112
rs3201308,11,synonymous,0.02441
rs2501181,19,synonymous,0.00162
rs2565197,6,synonymous,3e-05
rs3017273,9,synonymous,0.00848
rs2710819,1,synonymous,0.05855
rs4532942,8,synonymous,0.01667
rs2585126,2,synonymous,0.01341
rs2265341,13,synonymous,0.18951
rs5190257,20,synonymous,0.00943
rs7346771,11,synonymous,0.12763
rs2085010,21,synonymous,4e-05
rs5090386,22,synonymous,0.19939
rs6274286,2,synonymous,0.16548
rs6644677,12,synonymous,0.24082
rs1840626,12,synonymous,0.17353
rs6870029,9,synonymous,0.04299
rs1215117,19,synonymous,2e-05
rs2895420,9,synonymous,3e-05
rs3554321,2,synonymous,0.09125
rs7824050,13,synonymous,0.13944
rs2534877,5,synonymous,0.00652
rs7259549,8,synonymous,0.15684
rs8909296,12,synonymous,0.14164
rs8679467,16,synonymous,0.03965
rs3423970,7,synonymous,0.00021
rs1765699,9,synonymous,0.11311
rs2776512,2,synonymous,0.00156
rs7150552,9,synonymous,0.07485
rs2574158,13,synonymous,0.00081
rs6164738,14,synonymous,0.05956
rs3521817,9,missense,0.0134
rs7901765,3,missense,0.00819
rs1662994,11,missense,0.00038
rs7754161,1,missense,0.0298
rs5160335,17,missense,0.0
rs1161276,14,missense,0.0
rs2822924,3,missense,0.0
rs6433795,11,missense,0.04435
rs7023918,10,missense,0.09407
rs2564981,15,missense,0.03964
rs6258444,11,missense,0.02981
rs8914138,11,missense,0.00012
rs6491753,19,missense,7e-05
rs6619591,12,missense,0.00147
rs2547915,18,missense,0.47036
rs6099966,20,missense,0.02302
rs6669042,19,missense,0.01286
rs1885143,22,missense,0.05015
rs3490648,16,missense,0.00078
rs8060733,13,missense,0.00029
rs8989392,12,missense,0.00207
rs2385632,5,missense,0.12829
rs6854141,19,missense,0.00558
rs5012995,16,missense,0.07791
rs5723292,20,missense,0.1698
rs5087419,16,missense,0.10376
rs7936942,11,missense,1e-05
rs4560897,7,missense,0.00994
rs5714493,22,missense,0.00016
rs6354186,17,missense,0.00462
rs5421998,20,missense,0.02534
rs8037051,13,missense,0.05223
rs2898524,12,missense,0.0742
rs6424895,1,missense,0.04976
rs8680445,2,missense,0.00014
rs3997155,16,missense,0.00341
rs4830722,5,missense,1e-05
rs1344661,2,missense,0.00019
rs8391841,18,missense,0.0
rs7528494,14,missense,0.10704
rs3370436,3,missense,0.00129
rs1414985,11,missense,0.0
rs6574732,11,missense,0.00046
rs6378400,1,missense,0.01388
rs5221405,14,missense,0.103
rs2253767,9,missense,0.00131
rs8347122,20,missense,0.00032
rs4460556,3,missense,0.09469
rs6796514,19,missense,0.0
rs7872733,1,missense,0.00076
rs5386607,17,missense,0.03036
rs1755356,18,missense,0.03158
rs8101723,9,missense,0.00082
rs6337205,7,missense,0.27217
rs8155057,4,missense,0.00011
rs5900949,8,missense,0.0
rs8259624,15,missense,0.00076
rs7940237,16,missense,0.00021
rs2725079,4,missense,0.00659
rs2381878,1,missense,0.00648
rs2281841,13,missense,0.01906
rs7398300,13,missense,0.00159
rs2923092,22,missense,0.07041
rs4600969,17,missense,0.01211
rs7303802,13,missense,0.02084
rs4429151,14,missense,0.01503
rs1494825,15,missense,1e-05
rs3894274,10,missense,0.05073
rs1756722,15,missense,1e-05
rs4084593,5,missense,0.00036
rs6893753,19,missense,0.00946
rs5159677,19,missense,0.00411
rs6399014,10,missense,0.01166
rs1854398,11,missense,0.20128
rs7001167,11,missense,0.01788
rs4400526,18,missense,8e-05
rs3295949,4,missense,0.00165
rs6215849,8,missense,0.00282
rs2078677,14,missense,0.23079
rs4985538,16,missense,0.00263
rs4377448,7,missense,0.12505
rs2326635,3,missense,2e-05
rs8617635,12,missense,0.10316
rs3904413,15,missense,0.00105
rs1326145,17,missense,8e-05
rs4543693,1,missense,0.17477
rs8733286,1,missense,0.00243
rs6350998,9,missense,0.01358
rs6093927,13,missense,0.00247
rs8206130,1,missense,0.03084
rs1671336,4,missense,0.00123
rs5403004,10,missense,0.00182
rs3566538,7,missense,0.00846
rs6410945,16,missense,1e-05
rs7821856,1,missense,0.07269
rs1617517,20,missense,0.00867
rs2265478,4,missense,0.0
rs8635736,10,missense,0.02952
rs4935694,22,missense,0.0024
rs3521669,15,missense,0.0
rs2217929,22,missense,0.06123
rs3834333,1,missense,0.00591
rs1039992,16,missense,0.01397
rs2782742,2,missense,0.00589
rs2464055,14,missense,0.32336
rs1677360,8,missense,0.03223
rs8752209,18,missense,0.05243
rs7320374,3,missense,0.00846
rs8523044,20,missense,0.02468
rs2923920,11,missense,0.01726
rs3307386,12,missense,0.02722
rs3261501,13,missense,0.00775
rs5468089,1,missense,0.03218
rs2454370,7,missense,0.0
rs2883867,16,missense,0.0045
rs8799082,22,missense,0.00483
rs3817386,22,missense,0.0016
rs7248278,12,missense,0.00446
rs2831646,6,missense,0.00451
rs8439197,11,missense,0.00599
rs6550650,11,missense,0.08077
rs7893786,9,missense,0.03203
rs5130933,8,missense,0.00243
rs8250374,20,missense,0.1039
rs3901221,9,missense,0.01463
rs4832272,1,missense,0.00169
rs1492635,16,missense,0.0033
rs2364331,15,missense,5e-05
rs7169588,9,missense,0.00369
rs3615042,14,missense,0.0403
rs1816045,21,missense,0.00115
rs3339612,21,missense,0.12402
rs3822407,18,missense,0.00893
rs6737070,13,missense,0.04038
rs1724024,1,missense,0.00179
rs1205381,12,missense,0.00775
rs6792922,19,missense,0.00344
rs2136337,19,missense,0.01933
rs4357239,18,missense,0.00282
rs6463080,22,missense,0.00984
rs5113261,12,missense,0.00095
rs1987538,3,missense,0.00015
rs6777454,11,missense,0.02156
rs1386334,8,missense,0.06375
rs2858570,19,missense,0.00175
rs1873721,18,missense,0.00147
rs5100781,10,missense,0.04643
rs6525393,9,missense,0.01291
rs6199226,4,missense,0.00069
rs2114602,1,missense,0.0
rs3746888,7,missense,0.00054
rs2170434,6,missense,1e-05
rs3741575,6,missense,9e-05
rs2842401,22,missense,0.21241
rs6923157,15,missense,0.00262
rs7007285,13,missense,0.03012
rs7547124,4,missense,0.00024
rs2602823,19,missense,3e-05
rs1107966,15,missense,0.02973
rs1283003,12,missense,0.0003
rs7747871,11,missense,0.00368
rs8246906,13,missense,0.05708
rs2694125,19,missense,1e-05
rs8010547,16,missense,0.0073
rs5237952,11,missense,0.00057
rs2478552,15,missense,0.0274
rs3503466,21,missense,0.00034
rs3122740,8,missense,0.00129
rs7108971,20,missense,0.00367
rs2508460,14,missense,0.00127
rs2464543,5,missense,0.21803
rs6756276,22,missense,1e-05
rs3417625,16,missense,0.00211
rs3000071,9,missense,0.00155
rs7462412,5,missense,0.08917
rs8451598,21,missense,0.0
rs5442939,19,missense,0.0
rs7621128,1,missense,0.18231
rs7730166,14,missense,0.17946
rs5707209,3,missense,0.00086
rs7637578,7,missense,0.10859
rs1071505,13,missense,0.06368
rs1282528,6,missense,0.00746
rs8069355,12,missense,0.0962
rs2123457,10,missense,0.01874
rs6822093,13,missense,0.21293
rs4361010,18,missense,0.0
rs7303259,4,missense,0.00232
rs6321689,18,missense,0.107
rs1574601,5,missense,0.00332
rs3694657,1,missense,0.01793
rs6668481,10,missense,0.0
rs8372416,7,missense,2e-05
rs7436715,5,missense,0.05964
rs8134900,10,missense,0.04691
rs8653082,20,missense,0.03165
rs8153755,13,missense,0.02186
rs5643763,17,missense,0.12481
rs3689150,4,missense,0.04747
rs5064334,2,missense,0.00477
rs7365535,8,missense,0.01098
rs4403174,18,missense,0.00177
rs7646614,20,missense,0.0183
rs6610301,3,missense,0.07676
rs2674537,11,missense,4e-05
rs8366570,9,missense,0.09694
rs7770082,17,missense,0.23309
rs5798040,5,missense,0.04179
rs2552860,11,missense,0.08416
rs2818269,19,missense,0.00091
rs7715547,11,missense,0.00536
rs1140591,18,missense,0.01076
rs4868892,14,missense,0.00476
rs5952904,14,missense,0.00663
rs2860012,6,missense,0.05546
rs7916783,22,missense,1e-05
rs5178526,6,missense,0.00085
rs1527802,21,missense,0.01694
rs3561303,22,missense,4e-05
rs4180569,12,missense,0.16525
rs2782455,20,missense,0.00096
rs8520375,16,missense,0.00965
rs3884049,17,missense,0.02412
rs5013415,2,missense,0.00631
rs5282082,4,missense,0.13938
rs2765265,2,missense,0.00518
rs5543308,1,missense,0.0
rs3829251,19,missense,0.00739
rs1082563,4,missense,0.06772
rs4265116,1,missense,0.01388
rs5670743,21,missense,0.00115
rs1938316,7,missense,0.03677
rs7235068,18,missense,0.0047
rs6286337,22,missense,2e-05
rs3479742,12,missense,0.05012
rs5737314,21,missense,0.13162
rs3429258,22,missense,0.0005
rs6181783,4,missense,0.01299
rs2231560,4,missense,0.02823
rs5886332,9,missense,0.15922
rs1440783,13,missense,0.00021
rs1133376,18,missense,0.02471
rs3034486,5,missense,0.0443
rs2395702,5,missense,0.00364
rs4925754,7,missense,0.0236
rs2324576,6,missense,0.00546
rs2955657,21,missense,0.00115
rs1783611,9,missense,0.10202
rs8095286,20,missense,0.00368
rs6883806,2,missense,0.00372
rs2741277,3,missense,0.03353
rs1961097,18,missense,0.0345
rs7802005,6,missense,0.0
rs6345552,2,missense,0.00074
rs8086794,14,missense,0.03389
rs2427122,4,missense,0.0
rs3870194,2,missense,0.20295
rs1946481,9,missense,0.0
rs4386806,13,missense,0.06011
rs2300240,12,missense,0.07481
rs1033227,13,missense,2e-05
rs5067227,1,missense,0.05809
rs8832467,7,missense,0.00024
rs6163860,8,missense,0.06943
rs7055412,7,missense,0.0
rs7495398,13,missense,0.01423
rs8777767,6,missense,0.11539
rs2028497,14,missense,0.00812
rs3006033,21,missense,0.00015
rs5929493,15,missense,0.00832
rs7568382,9,missense,0.03989
rs7190716,10,missense,0.0201
rs6821075,13,missense,0.00051
rs3499241,16,missense,0.0064
rs3918699,7,missense,0.00954
rs1637724,1,missense,0.02428
rs3511210,16,missense,0.02183
rs2247567,15,missense,0.1708
rs8505216,3,missense,0.06626
rs1732469,14,missense,3e-05
rs3907278,2,missense,0.0025
rs8097695,15,missense,0.01606
rs8646765,17,missense,0.08519
rs4013613,1,missense,0.0
rs4723349,16,missense,0.05094
rs5186788,3,missense,0.15438
rs7577718,6,missense,0.00165
rs7149505,16,missense,0.01068
rs5192897,8,missense,0.00023
rs3971987,22,missense,0.18765
rs3979038,22,missense,0.12424
rs6192821,22,missense,0.02602
rs7682166,3,missense,0.01997
rs1613438,4,missense,0.0014
rs7150727,5,missense,0.00185
rs4847245,13,missense,0.07116
rs2161616,10,missense,0.13651
rs1772151,17,missense,0.00052
rs3696345,7,missense,0.01996
rs2986273,5,missense,0.0
rs1832900,15,missense,0.01465
rs3346726,14,missense,0.00181
rs7669708,16,missense,0.00685
rs6740670,7,missense,0.03985
rs2672297,12,missense,0.00012
rs6392833,21,missense,0.04615
rs4613594,14,missense,0.00079
rs6976640,21,missense,5e-05
rs2978317,10,missense,0.00071
rs1494040,1,missense,0.00502
rs3502734,17,missense,0.07376
rs8951313,11,missense,0.05219
rs1435360,1,missense,0.03964
rs8803163,4,missense,0.00126
rs7605982,7,missense,0.0068
rs5349599,5,missense,0.03321
rs6922151,16,missense,0.07963
rs2478161,14,missense,0.0
rs5734094,8,missense,0.02214
rs8303928,2,missense,0.0787
rs4510857,2,missense,0.00925
rs1311628,21,missense,0.06092
rs7057058,8,missense,0.04222
rs6840770,3,missense,0.01212
rs6918862,16,missense,0.01977
rs6187412,20,missense,0.00122
rs2097426,3,missense,7e-05
rs1916338,21,missense,0.0003
rs7341059,16,missense,0.00036
rs7841056,6,missense,0.00198
rs1628455,18,missense,0.01179
rs5648200,10,missense,7e-05
rs5004369,14,missense,0.00137
rs3800346,3,missense,0.00373
rs6160654,6,missense,0.00684
rs8313692,18,missense,0.00233
rs7573510,18,missense,0.00119
rs2224749,1,missense,3e-05
rs4704881,5,missense,0.0161
rs8485842,14,missense,0.00011
rs2894864,20,missense,0.00014
rs7832491,15,missense,0.00117
rs4925276,16,missense,0.0
rs5171098,9,missense,0.0
rs3001664,2,missense,0.00018
rs8354255,17,missense,0.00115
rs5229803,18,missense,0.00964
rs5598994,10,missense,0.0
rs4700065,12,missense,0.05319
rs1714459,6,missense,0.00055
rs7244035,10,missense,0.11567
rs3628735,6,missense,0.01186
rs2920720,10,missense,0.00079
rs7256356,3,missense,0.03774
rs2599881,14,missense,0.05032
rs6461984,6,missense,0.00021
rs4793482,16,missense,0.03602
rs7399556,12,missense,0.04441
rs1404034,20,missense,0.00014
rs7196682,5,missense,0.00332
rs2834725,7,missense,0.00153
rs7964986,6,missense,0.06476
rs3829639,14,missense,6e-05
rs1055922,3,missense,0.04393
rs4901037,16,missense,0.16168
rs1437879,19,missense,0.03174
rs3155493,15,missense,0.08358
rs6733462,3,missense,0.02129
rs5485091,11,missense,0.00016
rs6670084,12,missense,0.00012
rs8027317,9,missense,0.0
rs4744041,11,missense,0.10198
rs5349819,17,missense,0.00286
rs1466047,19,missense,0.12086
rs3294716,7,missense,0.04041
rs6793874,8,missense,0.16847
rs1495847,5,missense,0.02445
rs3873759,9,missense,2e-05
rs2093330,13,missense,0.00012
rs7858903,16,missense,0.01193
rs5489738,6,missense,0.00017
rs6155759,5,missense,0.00026
rs6469670,1,missense,0.00058
rs2794459,3,missense,0.00855
rs1397343,2,missense,0.09925
rs4182184,5,missense,0.00171
rs2484398,16,missense,0.00745
rs3575955,18,missense,0.0
rs3552650,22,missense,0.01942
rs7256041,12,missense,0.01787
rs3558184,11,missense,0.00011
rs2210808,20,missense,0.00037
rs8667256,4,missense,0.00227
rs1392560,14,missense,0.09823
rs2630164,18,missense,0.01402
rs3778110,12,missense,0.00161
rs1500162,6,missense,0.02968
rs8195463,14,missense,0.00405
rs3824118,22,missense,0.34066
rs7258025,6,missense,0.00123
rs2075535,13,missense,0.0
rs5173012,2,missense,0.0001
rs2012655,6,missense,0.03176
rs2853164,17,missense,0.01827
rs4259605,11,missense,0.00377
rs7901691,5,missense,0.02275
rs3451129,8,missense,0.01907
rs7038254,3,missense,0.00327
rs1733814,18,missense,0.00634
rs3012311,21,missense,2e-05
rs5834427,3,missense,0.01738
rs4746044,6,missense,0.11999
rs5013598,19,missense,0.00418
rs6426266,20,missense,0.00348
rs1616797,17,missense,0.00998
rs6563774,16,missense,0.00096
rs7901955,19,missense,0.01722
rs7128907,9,missense,0.03547
rs3277704,20,missense,0.0809
rs3807559,20,missense,0.03581
rs8691046,6,missense,0.01199
rs7319838,2,missense,2e-05
rs8452309,12,missense,0.14609
rs8307837,17,missense,0.01323
rs4472773,19,missense,0.0001
rs2035430,4,missense,2e-05
rs2828535,9,missense,0.0074
rs3353563,17,missense,0.03745
rs7678821,2,missense,0.06052
rs3209960,16,missense,0.08605
rs3890286,7,missense,0.03069
rs7810462,1,missense,0.00398
rs2308405,6,missense,9e-05
rs6308917,17,missense,0.00191
rs5412861,20,missense,0.00088
rs8875605,2,missense,0.08284
rs4915219,11,missense,0.00066
rs5169875,5,missense,0.00283
rs7800143,16,missense,0.02013
rs8933480,18,missense,0.00824
rs6834251,22,missense,0.00674
rs6584638,8,missense,0.05548
rs8009115,7,missense,0.06143
rs8837814,7,missense,0.00244
rs6877623,17,missense,0.0302
rs3339004,10,missense,0.02601
rs6137399,1,missense,0.23429
rs2889457,21,missense,0.00529
rs5001417,3,missense,0.00243
rs4555699,21,missense,0.26072
rs8900426,4,missense,0.00382
rs5434689,12,missense,0.0117
rs8673318,7,missense,0.00035
rs7465092,16,missense,0.1278
rs7790823,9,missense,0.00604
rs2354194,9,missense,0.06463
rs7202553,11,missense,0.00761
rs3011861,22,missense,0.00277
rs5620476,6,missense,0.00912
rs4889246,5,missense,0.04291
rs3078026,2,missense,0.1744
rs8878937,17,missense,0.0
rs8003512,15,missense,0.1308
rs5593989,14,missense,0.00337
rs1086529,1,missense,0.05114
rs2466154,18,missense,0.00324
rs2819519,18,missense,0.18559
rs8775313,21,missense,0.00075
rs4229859,21,missense,0.00675
rs1373875,6,missense,0.0027
rs5689257,16,missense,0.00061
rs8603486,9,missense,0.00598
rs5487034,14,missense,0.10505
rs4552095,8,missense,0.04444
rs2406526,15,missense,0.03391
rs8030341,21,missense,0.0
rs1838385,15,missense,0.23949
rs8468227,21,missense,0.00031
rs2778631,21,missense,0.02413
rs2105323,3,missense,0.10946
rs3789670,22,missense,0.00581
rs1039686,19,missense,9e-05
rs1112429,10,missense,0.01081
rs2491802,14,missense,0.02993
rs6539646,14,missense,0.21634
rs7515740,18,missense,4e-05
rs2981819,18,missense,0.02629
rs6156190,3,missense,2e-05
rs3811235,1,missense,1e-05
rs4463677,6,missense,0.0579
rs3679213,12,missense,0.0024
rs8131549,19,missense,0.00072
rs5094638,15,missense,0.07328
rs5049942,3,missense,0.02372
rs7878397,16,missense,0.00207
rs6258082,11,missense,2e-05
rs2195119,9,missense,0.01307
rs2510351,17,missense,0.05853
rs3725816,7,missense,2e-05
rs1783059,14,missense,0.00061
rs6536230,5,missense,0.00469
rs4962691,9,missense,0.01483
rs1353851,13,missense,0.0
rs4203734,14,missense,0.00076
rs7639829,21,missense,0.11287
rs8256416,7,missense,0.02151
rs8694601,20,missense,0.02171
rs8380622,18,missense,0.01588
rs5861097,8,missense,0.29876
rs8417455,4,missense,0.02357
rs8652066,6,missense,0.0
rs6082296,15,missense,0.06352
rs4304494,18,missense,0.0379
rs8728750,14,missense,0.00984
rs4320253,16,missense,0.06042
rs2331043,3,missense,0.23423
rs1849991,12,missense,0.00164
rs5539590,20,missense,0.0034
rs1283575,9,missense,0.0275
rs1948822,20,missense,0.00029
rs2956034,3,missense,0.0
rs5238623,22,missense,0.00114
rs4825029,18,missense,0.00128
rs5089581,14,missense,4e-05
rs5061459,14,missense,0.07242
rs8953372,21,missense,0.00379
rs2740603,9,missense,0.01055
rs4792378,4,missense,0.24021
rs5902445,21,missense,0.00043
rs3191564,3,missense,0.00062
rs2449646,15,missense,0.0006
rs1373232,6,missense,0.00079
rs3609689,21,missense,0.00516
rs3033414,22,missense,0.20491
rs2565676,11,missense,0.00015
rs3170132,12,missense,3e-05
rs6573308,11,missense,0.03072
rs7620166,10,missense,0.00741
rs5132580,21,missense,2e-05
rs1532317,7,missense,0.01253
rs6888808,22,missense,0.03951
rs2215977,15,missense,0.00012
rs1457985,22,missense,0.0
rs5547686,14,missense,0.03171
rs4402896,19,missense,0.02906
rs3494676,11,missense,0.0575
rs8735668,11,missense,0.04245
rs1729783,6,missense,4e-05
rs1428956,5,missense,0.04465
rs5699918,1,missense,0.01276
rs4347029,9,missense,5e-05
rs7412330,22,missense,0.00773
rs1323185,21,missense,0.01101
rs4355018,16,missense,0.00446
rs2173226,8,missense,0.00998
rs1329475,12,missense,0.03432
rs4700211,17,missense,0.0
rs6878785,1,missense,0.00049
rs2260107,21,missense,0.03289
rs7738305,20,missense,0.22187
rs5150043,22,missense,0.00094
rs4843965,3,missense,0.01395
rs8381853,21,missense,0.15624
rs3633318,14,missense,0.01035
rs2603260,13,missense,0.08792
rs7290209,4,missense,0.06551
rs1857492,11,missense,0.11532
rs7976766,8,missense,0.00206
rs7602212,22,missense,0.27735
rs8815911,8,missense,0.15982
rs4682158,5,missense,0.01576
rs5977562,21,missense,0.0001
rs8060888,5,missense,8e-05
rs2052878,20,missense,0.01081
rs3448986,22,missense,0.00025
rs4774818,7,missense,0.00215
rs6020256,16,missense,0.07371
rs6433348,18,missense,0.08277
rs8386508,12,missense,0.00109
rs4914649,16,missense,0.05058
rs2373566,3,missense,0.00074
rs2519230,12,missense,0.00144
rs7405828,12,missense,2e-05
rs4688279,13,missense,0.02242
rs6052133,21,missense,0.02045
rs5502865,19,missense,0.02132
rs7503573,14,missense,0.30285
rs2747573,9,missense,0.04472
rs2365546,9,missense,0.00086
rs6868337,1,missense,0.00237
rs4472691,13,missense,0.01979
rs7526333,6,missense,0.04902
rs2030697,20,missense,8e-05
rs3175055,18,missense,0.06443
rs8680656,21,missense,0.00083
rs7749360,22,missense,0.0048
rs1501533,9,missense,0.00011
rs7534800,10,missense,0.00144
rs1523867,14,missense,0.01416
rs1962420,10,missense,0.14441
rs8185249,7,missense,0.04829
rs2008173,16,missense,1e-05
rs3406097,10,missense,0.0
rs2082847,21,missense,0.21494
rs5776160,5,missense,0.0
rs1457482,10,missense,0.00058
rs3299804,12,missense,0.0
rs3610654,20,missense,0.14586
rs6190067,13,missense,0.01471
rs4972117,2,missense,0.0
rs2539754,8,missense,0.00014
rs4714436,20,missense,0.01135
rs4670955,6,missense,0.12368
rs3829684,8,missense,0.06294
rs5267937,4,missense,0.09343
rs3609116,16,missense,0.05661
rs3669143,4,missense,0.00088
rs7266866,9,missense,0.00202
rs3013604,16,missense,0.0
rs3632133,20,missense,0.0
rs2121653,5,missense,0.02034
rs6585131,8,missense,0.00153
rs6649154,3,missense,0.02479
rs6424831,10,missense,0.00166
rs2346261,22,missense,0.07443
rs4612671,7,missense,5e-05
rs3337011,6,missense,4e-05
rs7109634,9,missense,0.03284
rs3695270,20,missense,0.01139
rs4327639,13,missense,0.00187
rs4634934,14,missense,0.09074
rs7086301,18,missense,0.00174
rs6620549,16,missense,0.02394
rs7559851,14,missense,0.04795
rs4423561,13,missense,0.02882
rs7556850,12,missense,0.00833
rs7968748,4,missense,0.0
rs5191244,10,missense,0.00028
rs6438285,19,missense,0.04667
rs8276470,1,missense,0.00104
rs7707893,19,missense,0.01276
rs3211510,13,missense,0.00265
rs6730831,8,missense,0.00293
rs4567690,3,missense,0.00634
rs2189054,17,missense,0.02597
rs3974298,1,missense,0.002
rs8823418,12,missense,0.00078
rs8663156,4,missense,0.0
rs7292690,20,missense,0.0035
rs8922897,5,missense,0.0001
rs5581774,18,missense,0.02687
rs7060531,13,missense,0.00013
rs2321847,1,missense,0.01426
rs3390115,16,missense,0.00775
rs2381445,20,missense,0.0
rs8500527,5,missense,0.00035
rs5914649,22,missense,0.37985
rs8460808,18,missense,2e-05
rs4329577,17,missense,0.26087
rs4227572,8,missense,0.12906
rs6406876,3,missense,0.05342
rs5543266,10,missense,0.05154
rs3979421,18,missense,0.24476
rs3540705,13,missense,0.11883
rs5102761,15,missense,6e-05
rs1604351,18,missense,0.00078
rs2503664,8,missense,0.0476
rs1350098,1,missense,0.24685
rs2241609,20,missense,0.00108
rs2589322,14,missense,0.00616
rs1605158,13,missense,0.00347
rs1443641,13,missense,0.00015
rs7557114,19,missense,0.19725
rs2461391,17,missense,0.00011
rs5443090,15,missense,0.00066
rs1788365,18,missense,0.0
rs8577128,7,missense,0.01176
rs2911747,16,missense,0.01148
rs6995890,22,missense,0.0
rs6129471,6,missense,0.00788
rs7150105,13,missense,0.00019
rs6033198,15,missense,8e-05
rs5072467,12,missense,0.10764
rs7177038,22,missense,0.08572
rs7523631,9,missense,3e-05
rs4039421,5,missense,0.06443
rs8536507,3,missense,0.0
rs8899940,19,missense,0.00084
rs6773922,16,missense,0.00219
rs8431585,13,missense,5e-05
rs1844711,10,missense,0.03016
rs5322660,10,missense,0.03617
rs6208158,21,missense,0.00132
rs8421734,15,missense,0.0
rs1963465,22,missense,1e-05
rs7448607,18,missense,0.02483
rs1617779,17,missense,1e-05
rs3864839,13,missense,0.00282
rs6543203,6,missense,0.10565
rs3327839,15,missense,0.00176
rs7678283,16,missense,0.0
rs8444135,12,missense,0.05037
rs2270731,1,missense,0.03541
rs3064699,22,missense,0.00297
rs1593188,19,missense,2e-05
rs6680778,8,missense,0.00788
rs8092183,11,missense,0.0481
rs5813000,3,missense,0.00029
rs2057674,21,missense,1e-05
rs2389934,6,missense,0.00045
rs1280688,9,missense,0.00011
rs4919952,10,missense,0.00298
rs6768434,6,missense,0.01544
rs2200135,14,missense,0.01419
rs7781724,22,missense,0.01051
rs3021543,19,missense,0.00026
rs5115786,12,missense,0.07329
rs6341087,3,missense,0.00596
rs5319401,19,missense,0.01891
rs4823063,6,missense,0.0005
rs3694884,21,missense,0.0729
rs4440107,9,missense,0.1797
rs2907705,12,missense,0.06795
rs3356157,10,missense,0.28615
rs7041856,11,missense,0.02474
rs8060757,4,missense,0.0138
rs7794275,13,missense,0.02707
rs3647593,9,missense,0.04009
rs3569958,19,missense,0.00058
rs1466406,11,missense,0.0
rs3190553,22,missense,0.0505
rs5684756,7,missense,0.0
rs3142333,8,missense,0.07599
rs6867750,1,missense,0.01793
rs1404763,17,missense,0.12596
rs4294596,2,missense,0.00394
rs3248600,7,missense,0.00043
rs4954307,21,missense,0.00078
rs1205207,14,missense,0.00159
rs4350211,13,missense,0.0167
rs7307260,18,missense,3e-05
rs7855654,17,missense,0.00045
rs3047414,20,missense,0.01217
rs4430356,15,missense,0.01079
rs6521241,10,missense,0.09856
rs4709827,3,missense,0.00697
rs5345507,9,missense,0.0
rs3732111,16,missense,0.00163
rs7699709,6,missense,0.00055
rs6052018,15,missense,0.00034
rs8683029,3,missense,0.04807
rs7238524,2,missense,0.00053
rs3938332,9,missense,0.01154
rs3622546,6,missense,1e-05
rs1706726,20,missense,0.0933
rs5979679,9,missense,0.0272
rs6997166,10,missense,2e-05
rs3833735,9,missense,0.21017
rs1170418,7,missense,0.0029
rs7604295,21,missense,0.00525
rs2783706,17,missense,0.08085
rs5658149,4,missense,0.0
rs1426005,5,missense,0.00032
rs1502095,2,missense,1e-05
rs8185186,6,missense,0.12832
rs6379947,15,missense,0.13094
rs1042376,21,missense,5e-05
rs1805250,11,missense,0.00275
rs4941937,2,missense,0.0306
rs6442923,2,missense,0.182
rs4391993,10,missense,0.0017
rs7982001,6,missense,0.01929
rs6221957,13,missense,0.05196
rs5914045,3,missense,0.03979
rs3317952,6,missense,0.01843
rs6455575,13,missense,0.00179
rs7989563,7,missense,0.00499
rs1391615,9,missense,0.04674
rs6874765,5,missense,0.05101
rs8037861,2,missense,0.00423
rs4458355,8,missense,0.00023
rs7127211,8,missense,0.02957
rs3864209,20,missense,0.00104
rs2543036,20,missense,0.02857
rs7527105,10,missense,0.00583
rs3489056,7,missense,0.00057
rs7056482,10,missense,0.01655
rs3523091,14,missense,0.12505
rs4192000,9,missense,0.09277
rs6480815,17,missense,0.00052
rs3730974,22,missense,0.00052
rs7462439,9,missense,0.21978
rs1311103,3,missense,0.02903
rs1093367,3,missense,0.01224
rs1653657,20,missense,0.02553
rs3050141,10,missense,0.00365
rs1431347,8,missense,0.00873
rs4045678,14,missense,0.00064
rs1195323,22,missense,0.00057
rs7050150,10,missense,0.00157
rs8775334,4,common_benign,0.90773
rs8923144,6,common_benign,0.87433
rs2166105,16,common_benign,0.72112
rs2751511,10,common_benign,0.73117
rs2969945,15,common_benign,0.74555
rs8731603,10,common_benign,0.08691
rs8459545,9,common_benign,0.80949
rs3120109,5,common_benign,0.428
rs6045030,19,common_benign,0.94396
rs2947650,2,common_benign,0.38993
rs1304392,6,common_benign,0.50333
rs2842570,10,common_benign,0.63385
rs1618752,4,common_benign,0.65141
rs7781925,21,common_benign,0.61269
rs7283524,8,common_benign,0.71729
rs2474467,6,common_benign,0.27539
rs5539795,6,common_benign,0.19431
rs2641221,5,common_benign,0.41839
rs5523323,15,common_benign,0.63522
rs8167775,11,common_benign,0.1954
rs8038925,6,common_benign,0.48126
rs7664562,20,common_benign,0.33316
rs2928783,15,common_benign,0.189
rs2525971,9,common_benign,0.9871
rs2283447,12,common_benign,0.69159
rs2017000,15,common_benign,0.57237
rs5910447,4,common_benign,0.55868
rs6267549,18,common_benign,0.0478
rs8059384,6,common_benign,0.0919
rs1722695,1,common_benign,0.71585
rs3122005,12,common_benign,0.74043
rs6823607,20,common_benign,0.84375
rs6450354,17,common_benign,0.64581
rs4419437,7,common_benign,0.47528
rs2219032,9,common_benign,0.62621
rs4873651,14,common_benign,0.20299
rs2375269,6,common_benign,0.56698
rs5284198,19,common_benign,0.84665
rs8212080,7,common_benign,0.5764
rs2565511,5,common_benign,0.46858
rs1943719,3,common_benign,0.43201
rs6901045,16,common_benign,0.96309
rs1194764,1,common_benign,0.41466
rs8867227,18,common_benign,0.50917
rs7199523,22,common_benign,0.46558
rs4227000,3,common_benign,0.72625
rs3900076,3,common_benign,0.30156
rs4094888,21,common_benign,0.36713
rs4173268,3,common_benign,0.64671
rs7716408,9,common_benign,0.88232
rs7398860,20,common_benign,0.91929
rs2636664,4,common_benign,0.64185
rs2439486,15,common_benign,0.09829
rs5324423,9,common_benign,0.35493
rs6202615,10,common_benign,0.72575
rs6817390,21,common_benign,0.81845
rs3508226,15,common_benign,0.42476
rs4859668,8,common_benign,0.45366
rs1834147,21,common_benign,0.77256
rs4645938,13,common_benign,0.15728
rs6499968,3,common_benign,0.03046
rs3435316,9,common_benign,0.18139
rs3549313,6,common_benign,0.27947
rs4698222,15,common_benign,0.24011
rs7932832,19,common_benign,0.1101
rs5832874,1,common_benign,0.46124
rs8352285,18,common_benign,0.45822
rs1493365,21,common_benign,0.5189
rs7792414,22,common_benign,0.36811
rs1350089,15,common_benign,0.48668
rs3578813,7,common_benign,0.15468
rs4412609,4,common_benign,0.61471
rs2892660,21,common_benign,0.65043
rs8914329,10,common_benign,0.72604
rs8142405,8,common_benign,0.41191
rs5569925,17,common_benign,0.84133
rs4623575,16,common_benign,0.6606
rs7094067,18,common_benign,0.66835
rs6661917,20,common_benign,0.57816
rs4845052,20,common_benign,0.45401
rs7617313,4,common_benign,0.77662
rs2543496,4,common_benign,0.35284
rs3221493,5,common_benign,0.29733
rs1141127,14,common_benign,0.13215
rs1952779,13,common_benign,0.6169
rs2590250,19,common_benign,0.73675
rs5998620,19,common_benign,0.77063
rs7844154,18,common_benign,0.20925
rs5721538,2,common_benign,0.545
rs4563258,16,common_benign,0.84387
rs3161600,19,common_benign,0.58144
rs1811429,22,common_benign,0.55156
rs5677653,8,common_benign,0.79668
rs2126660,18,common_benign,0.41751
rs7322858,9,common_benign,0.31043
rs4270888,4,common_benign,0.75861
rs3800087,8,common_benign,0.81361
rs1213223,6,common_benign,0.56531
rs2938541,21,common_benign,0.24024
rs1106833,4,common_benign,0.63612
rs6800009,3,common_benign,0.40853
rs4919000,13,common_benign,0.67079
rs7286976,13,common_benign,0.27755
rs5521892,13,common_benign,0.48006
rs8634315,4,common_benign,0.53075
rs7270289,11,common_benign,0.8554
rs2180686,21,common_benign,0.85739
rs1932868,2,common_benign,0.39564
rs8114112,18,common_benign,0.92584
rs3152881,3,common_benign,0.24882
rs7120790,6,common_benign,0.81529
rs6028598,20,common_benign,0.33929
rs6615199,7,common_benign,0.32583
rs3134283,12,common_benign,0.55205
rs3504429,9,common_benign,0.35121
rs5438772,14,common_benign,0.83557
rs1177543,9,common_benign,0.50109
rs3493163,10,common_benign,0.68506
rs5060403,18,common_benign,0.46248
rs2635703,13,common_benign,0.66479
rs3286155,13,common_benign,0.6309
rs8868287,18,common_benign,0.45048
rs3318568,10,common_benign,0.32897
rs8219345,19,common_benign,0.33438
rs8417108,16,common_benign,0.22308
rs6391102,20,common_benign,0.88702
rs2223751,11,common_benign,0.43431
rs2645492,13,common_benign,0.18676
rs8473859,3,common_benign,0.16042
rs1011874,3,common_benign,0.63176
rs5030453,3,common_benign,0.30775
rs5770235,14,common_benign,0.76482
rs7706234,8,common_benign,0.30862
rs8160550,7,common_benign,0.40815
rs3268700,14,common_benign,0.51041
rs5020316,9,common_benign,0.35097
rs6071365,3,common_benign,0.71154
rs8721452,13,common_benign,0.73857
rs5452707,13,common_benign,0.80843
rs1974466,4,common_benign,0.61312
rs8393328,6,common_benign,0.62838
rs5099577,6,common_benign,0.76944
rs2434387,16,common_benign,0.28158
rs2522205,6,common_benign,0.92512
rs2636559,1,common_benign,0.48157
rs6770036,6,common_benign,0.84808
rs8591715,11,common_benign,0.20771
rs4530905,17,common_benign,0.63867
rs1783716,2,common_benign,0.78624
rs8107976,20,common_benign,0.43878
rs6077459,8,common_benign,0.18186
rs5566028,8,common_benign,0.12329
rs1484512,1,common_benign,0.2591
rs8764823,7,common_benign,0.61401
rs1615926,11,common_benign,0.88316
rs5883261,14,common_benign,0.26734
rs5777189,17,common_benign,0.08067
rs5110783,12,common_benign,0.44251
rs5410943,3,common_benign,0.31198
rs4183016,9,common_benign,0.2027
rs5584209,17,common_benign,0.22878
rs3910716,15,common_benign,0.83249
rs4789216,13,common_benign,0.22006
rs6424948,12,common_benign,0.86015
rs6938874,12,common_benign,0.42199
rs2226769,22,common_benign,0.62793
rs8937508,14,common_benign,0.3262
rs1773565,14,common_benign,0.70484
rs3206249,8,common_benign,0.28119
rs3774590,11,common_benign,0.52861
rs3587517,16,common_benign,0.26111
rs3814997,19,common_benign,0.41949
rs3584396,18,common_benign,0.50212
rs4488130,15,common_benign,0.81566
rs7106151,18,common_benign,0.47979
rs7619712,1,common_benign,0.66825
rs3784124,6,common_benign,0.62705
rs3067411,6,common_benign,0.32667
rs6413896,15,common_benign,0.58227
rs1476562,17,common_benign,0.55859
rs4567100,4,common_benign,0.7241
rs2760069,5,common_benign,0.37791
rs5862437,11,common_benign,0.40544
rs1626320,22,common_benign,0.75768
rs7632122,1,common_benign,0.82577
rs3159966,20,common_benign,0.26608
rs5112469,5,common_benign,0.57088
rs5577920,6,common_benign,0.89675
rs4801385,14,common_benign,0.82594
rs4583956,17,common_benign,0.61064
rs3135796,20,common_benign,0.46562
rs7180222,1,common_benign,0.53924
rs5127236,2,common_benign,0.07628
rs2726204,11,common_benign,0.29735
rs3099298,13,common_benign,0.7752
rs4509001,6,common_benign,0.33817
rs7748561,15,common_benign,0.43921
rs8690945,6,common_benign,0.35958
rs4110912,21,common_benign,0.21474
rs4161085,4,common_benign,0.29402
rs2032861,15,common_benign,0.54747
rs5365464,12,common_benign,0.5908
rs2919740,3,common_benign,0.30286
rs7556429,14,common_benign,0.32192
rs5276651,4,common_benign,0.26102
rs2774953,12,common_benign,0.27443
rs8330300,14,common_benign,0.36602
rs7523435,2,common_benign,0.65572
rs3404491,5,common_benign,0.53554
rs1960998,7,common_benign,0.39999
rs3115089,21,common_benign,0.50804
rs4013551,5,common_benign,0.70178
rs4252478,21,common_benign,0.54818
rs7578489,12,common_benign,0.69866
rs8742035,21,common_benign,0.30825
rs6978255,19,common_benign,0.87808
rs7761757,7,common_benign,0.54772
rs2001028,13,common_benign,0.83331
rs2197343,16,common_benign,0.2718
rs8265066,2,common_benign,0.78364
rs5910026,15,common_benign,0.60864
rs2885783,11,common_benign,0.70104
rs7334913,1,common_benign,0.34495
rs2399731,20,common_benign,0.43191
rs7144082,6,common_benign,0.21744
rs8064902,20,common_benign,0.33467
rs4910763,5,common_benign,0.40429
rs6250992,12,common_benign,0.51302
rs6854651,9,common_benign,0.57955
rs8042817,20,common_benign,0.50735
rs5668692,21,common_benign,0.5155
rs3347931,17,common_benign,0.24855
rs2611559,19,common_benign,0.09241
rs3844333,17,common_benign,0.45741
rs1448429,7,common_benign,0.09014
rs6589296,21,common_benign,0.44216
rs3955997,12,common_benign,0.81464
rs6692513,8,common_benign,0.60884
rs1495512,5,common_benign,0.52156
rs3574959,16,common_benign,0.56174
rs4160107,7,common_benign,0.30205
rs1700371,15,common_benign,0.79035
rs7631032,2,common_benign,0.88864
rs5780424,14,common_benign,0.338
rs7754353,15,common_benign,0.5695
rs7414827,12,common_benign,0.43636
rs1272591,15,common_benign,0.54517
rs7922782,22,common_benign,0.18059
rs1556283,19,common_benign,0.06127
rs7969310,10,common_benign,0.66613
rs6358936,20,common_benign,0.34934
rs7555433,21,common_benign,0.41119
rs4999989,4,common_benign,0.15557
rs2281226,8,common_benign,0.85166
rs2194867,17,common_benign,0.57942
rs1949776,12,common_benign,0.81851
rs7444236,3,common_benign,0.37315
rs5268617,11,common_benign,0.37377
rs2731969,9,common_benign,0.17111
rs1998820,17,common_benign,0.78895
rs1625194,12,common_benign,0.26349
rs3064741,4,common_benign,0.42197
rs6996057,2,common_benign,0.4205
rs8139293,7,common_benign,0.40619
rs5865007,4,common_benign,0.29443
rs8965662,20,common_benign,0.50973
rs4155541,6,common_benign,0.72636
rs3660102,14,common_benign,0.71615
rs6541809,3,common_benign,0.69621
rs2077385,10,common_benign,0.0183
rs8291045,21,common_benign,0.63812
rs7241152,15,common_benign,0.08412
rs1273459,7,common_benign,0.2547
rs2497889,17,common_benign,0.48794
rs6021435,12,common_benign,0.5084
rs6908382,6,common_benign,0.70056
rs2745338,22,common_benign,0.53991
rs6975542,21,common_benign,0.46715
rs4793102,13,common_benign,0.76536
rs6401869,1,common_benign,0.64211
rs4391849,10,common_benign,0.45818
rs4633988,12,common_benign,0.24191
rs4119837,21,common_benign,0.90073
rs2255576,17,common_benign,0.11892
rs2522848,5,common_benign,0.8419
rs2341419,12,common_benign,0.38996
rs7421199,4,common_benign,0.46367
rs4386107,11,common_benign,0.38784
rs4036164,12,common_benign,0.51381
rs7845308,12,common_benign,0.31374
rs8097570,10,common_benign,0.4279
rs2871838,10,common_benign,0.52951
rs3837346,18,common_benign,0.59011
rs4293916,12,common_benign,0.29492
rs7717706,1,common_benign,0.71032
rs6373025,17,common_benign,0.67434
rs5355730,14,common_benign,0.39275
rs2881012,16,common_benign,0.39787
rs4085001,16,common_benign,0.62579
rs1230774,4,common_benign,0.57422
